image_path,machining_type,speed,condition_id,ra_target,md5,split
C:\Users\user\Desktop\5000 - BETTER\data\End_Milling\5000\5000-1\20260728145037116.jpg,End_Milling,5000.0,5000-1,1.4786,ea4c19ffe6e7fcd8025e76172958c5d2,train
C:\Users\user\Desktop\5000 - BETTER\data\End_Milling\5000\5000-1\20260728145040514.jpg,End_Milling,5000.0,5000-1,1.4786,ff06022a7c3315809e1bfacb1b4ecc86,val
C:\Users\user\Desktop\5000 - BETTER\data\End_Milling\5000\5000-1\20260728145052304.jpg,End_Milling,5000.0,5000-1,1.4786,6cafbb00fe7fd0180fa7ade9d5d3bf86,train
C:\Users\user\Desktop\5000 - BETTER\data\End_Milling\5000\5000-1\20260728145054694.jpg,End_Milling,5000.0,5000-1,1.4786,28970e918727f910107f717b8bcbaddd,train
C:\Users\user\Desktop\5000 - BETTER\data\End_Milling\5000\5000-1\20260728145057353.jpg,End_Milling,5000.0,5000-1,1.4786,f96381862df759783f724eccffdf40a7,val
C:\Users\user\Desktop\5000 - BETTER\data\End_Milling\5000\5000-1\20260728145059718.jpg,End_Milling,5000.0,5000-1,1.4786,4efc06515ef522993f213002fd63aec5,train
C:\Users\user\Desktop\5000 - BETTER\data\End_Milling\5000\5000-1\20260728145102129.jpg,End_Milling,5000.0,5000-1,1.4786,3f479a1aeeb323f2c7993f429bba81bf,train
C:\Users\user\Desktop\5000 - BETTER\data\End_Milling\5000\5000-1\20260728145104199.jpg,End_Milling,5000.0,5000-1,1.4786,ccbeace6214106375c5fdb74c3f30e26,train
C:\Users\user\Desktop\5000 - BETTER\data\End_Milling\5000\5000-1\20260728145109018.jpg,End_Milling,5000.0,5000-1,1.4786,bfef5b60904be6e0c9952a910947a5bc,train
C:\Users\user\Desktop\5000 - BETTER\data\End_Milling\5000\5000-1\20260728145112542.jpg,End_Milling,5000.0,5000-1,1.4786,bbf17b87edfde3a3972b10c3704f2ab9,train
C:\Users\user\Desktop\5000 - BETTER\data\End_Milling\5000\5000-1\20260728145115638.jpg,End_Milling,5000.0,5000-1,1.4786,57687e968bfb6fac920f5b10b42031b7,train
C:\Users\user\Desktop\5000 - BETTER\data\End_Milling\5000\5000-1\20260728145119092.jpg,End_Milling,5000.0,5000-1,1.4786,4aeed37b68f81ac1d1dc49287b01a69e,train
C:\Users\user\Desktop\5000 - BETTER\data\End_Milling\5000\5000-1\20260728145122244.jpg,End_Milling,5000.0,5000-1,1.4786,5218cdcfa6869913ca352c61830ddf9d,train
C:\Users\user\Desktop\5000 - BETTER\data\End_Milling\5000\5000-1\20260728145125417.jpg,End_Milling,5000.0,5000-1,1.4786,771fd078e46f1d153cda52f67a3f5ee4,val
C:\Users\user\Desktop\5000 - BETTER\data\End_Milling\5000\5000-1\20260728145129884.jpg,End_Milling,5000.0,5000-1,1.4786,c5664abd3e5f4c6461072993926c90a4,train
C:\Users\user\Desktop\5000 - BETTER\data\End_Milling\5000\5000-10\20260730143734964.jpg,End_Milling,5000.0,5000-10,2.0156,eb52b3ef9ebbd91ccab13e947ae86eae,train
C:\Users\user\Desktop\5000 - BETTER\data\End_Milling\5000\5000-10\20260730143738120.jpg,End_Milling,5000.0,5000-10,2.0156,3ea0d0ef5ee1de7a5fa3524abe624968,train
C:\Users\user\Desktop\5000 - BETTER\data\End_Milling\5000\5000-10\20260730143740855.jpg,End_Milling,5000.0,5000-10,2.0156,c029d442f64cf9d863bf9a504c21650d,val
C:\Users\user\Desktop\5000 - BETTER\data\End_Milling\5000\5000-10\20260730143742815.jpg,End_Milling,5000.0,5000-10,2.0156,223bafba8e8986f1b3614ba5d8d4a621,train
C:\Users\user\Desktop\5000 - BETTER\data\End_Milling\5000\5000-10\20260730143745118.jpg,End_Milling,5000.0,5000-10,2.0156,d82a5408a10bae133d49ea6cef422d2d,train
C:\Users\user\Desktop\5000 - BETTER\data\End_Milling\5000\5000-10\20260730143747202.jpg,End_Milling,5000.0,5000-10,2.0156,ae66ab7eb2972d69b7c3e6551b89b116,train
C:\Users\user\Desktop\5000 - BETTER\data\End_Milling\5000\5000-10\20260730143749103.jpg,End_Milling,5000.0,5000-10,2.0156,d75501b0cccb9b0d88bf658c14f0b4f3,val
C:\Users\user\Desktop\5000 - BETTER\data\End_Milling\5000\5000-10\20260730143750946.jpg,End_Milling,5000.0,5000-10,2.0156,0bd746e9ca1745c6be0ea2e96ba7297a,train
C:\Users\user\Desktop\5000 - BETTER\data\End_Milling\5000\5000-10\20260730143752998.jpg,End_Milling,5000.0,5000-10,2.0156,34de95c4d8e6f5ad2851fbcee9d54fb5,train
C:\Users\user\Desktop\5000 - BETTER\data\End_Milling\5000\5000-10\20260730143755241.jpg,End_Milling,5000.0,5000-10,2.0156,702fbf66a669bcbcd483c212892c413b,train
C:\Users\user\Desktop\5000 - BETTER\data\End_Milling\5000\5000-10\20260730143757751.jpg,End_Milling,5000.0,5000-10,2.0156,1a6097363eccf95c8c6d64f04082d320,train
C:\Users\user\Desktop\5000 - BETTER\data\End_Milling\5000\5000-10\20260730143759915.jpg,End_Milling,5000.0,5000-10,2.0156,cefed25a9fafce6ab5e218c48a95a941,val
C:\Users\user\Desktop\5000 - BETTER\data\End_Milling\5000\5000-10\20260730143802753.jpg,End_Milling,5000.0,5000-10,2.0156,68011901ebdbb1a2e49eab8f014f1565,train
C:\Users\user\Desktop\5000 - BETTER\data\End_Milling\5000\5000-10\20260730143805654.jpg,End_Milling,5000.0,5000-10,2.0156,4bd8c4f9a5fd79c65e390ffaa7090a66,train
C:\Users\user\Desktop\5000 - BETTER\data\End_Milling\5000\5000-10\20260730143807883.jpg,End_Milling,5000.0,5000-10,2.0156,2a536cd4f1250a8dbe0b54adc5621530,train
C:\Users\user\Desktop\5000 - BETTER\data\End_Milling\5000\5000-10\20260730143817284.jpg,End_Milling,5000.0,5000-10,2.0156,65b99fcadaa91afdddaea3effe53a78c,train
C:\Users\user\Desktop\5000 - BETTER\data\End_Milling\5000\5000-2\20260728152216660.jpg,End_Milling,5000.0,5000-2,1.515,39c36ac8a17a4d06b371a67cceba5802,val
C:\Users\user\Desktop\5000 - BETTER\data\End_Milling\5000\5000-2\20260728152220515.jpg,End_Milling,5000.0,5000-2,1.515,b706f4656a20526addb10923f8d84a29,train
C:\Users\user\Desktop\5000 - BETTER\data\End_Milling\5000\5000-2\20260728152223232.jpg,End_Milling,5000.0,5000-2,1.515,efeaf1f32c6d1e38f92262674420d7de,train
C:\Users\user\Desktop\5000 - BETTER\data\End_Milling\5000\5000-2\20260728152226799.jpg,End_Milling,5000.0,5000-2,1.515,529ea906634d451def63e48e6accc5c4,train
C:\Users\user\Desktop\5000 - BETTER\data\End_Milling\5000\5000-2\20260728152229252.jpg,End_Milling,5000.0,5000-2,1.515,622b97d80c6128302f5c63c409c90a86,val
C:\Users\user\Desktop\5000 - BETTER\data\End_Milling\5000\5000-2\20260728152232250.jpg,End_Milling,5000.0,5000-2,1.515,436840ed2f8012b9bad1eed7db6b400b,train
C:\Users\user\Desktop\5000 - BETTER\data\End_Milling\5000\5000-2\20260728152242419.jpg,End_Milling,5000.0,5000-2,1.515,007bddf055b32afdf55fbc90d640c974,train
C:\Users\user\Desktop\5000 - BETTER\data\End_Milling\5000\5000-2\20260728152245083.jpg,End_Milling,5000.0,5000-2,1.515,f01637feec6f81a2c506c55068524a02,train
C:\Users\user\Desktop\5000 - BETTER\data\End_Milling\5000\5000-2\20260728152248306.jpg,End_Milling,5000.0,5000-2,1.515,48796cbbd21667e9e00f9a137236e52a,train
C:\Users\user\Desktop\5000 - BETTER\data\End_Milling\5000\5000-2\20260728152251790.jpg,End_Milling,5000.0,5000-2,1.515,4cc52f468fe02cf8decb34df1e558a82,val
C:\Users\user\Desktop\5000 - BETTER\data\End_Milling\5000\5000-2\20260728152254420.jpg,End_Milling,5000.0,5000-2,1.515,90afea50501d5b387b0566e6c587d428,train
C:\Users\user\Desktop\5000 - BETTER\data\End_Milling\5000\5000-2\20260728152257162.jpg,End_Milling,5000.0,5000-2,1.515,02bfec9838440e6ed4729427e039c4d5,train
C:\Users\user\Desktop\5000 - BETTER\data\End_Milling\5000\5000-2\20260728152300024.jpg,End_Milling,5000.0,5000-2,1.515,80071dd87a2eab6a27dd4217db278d13,train
C:\Users\user\Desktop\5000 - BETTER\data\End_Milling\5000\5000-2\20260728152302758.jpg,End_Milling,5000.0,5000-2,1.515,aa891aba648ab0c857c318f94567576b,train
C:\Users\user\Desktop\5000 - BETTER\data\End_Milling\5000\5000-2\20260728152306318.jpg,End_Milling,5000.0,5000-2,1.515,61fba17ae33ff1b739b02116a28d5305,train
C:\Users\user\Desktop\5000 - BETTER\data\End_Milling\5000\5000-2\20260728152310496.jpg,End_Milling,5000.0,5000-2,1.515,48e2b01a21408f9b4ae0fbffd2d069ff,train
C:\Users\user\Desktop\5000 - BETTER\data\End_Milling\5000\5000-2\20260728152314559.jpg,End_Milling,5000.0,5000-2,1.515,184bdfb6c35de31b98bccad0124d2a04,val
C:\Users\user\Desktop\5000 - BETTER\data\End_Milling\5000\5000-2\20260728152317190.jpg,End_Milling,5000.0,5000-2,1.515,edffe066f3ce6255a26e492fcc1a78cc,train
C:\Users\user\Desktop\5000 - BETTER\data\End_Milling\5000\5000-3\20260728154056212.jpg,End_Milling,5000.0,5000-3,1.5086,e6a025b54d80f5c25ffc3f00c08e0cd7,train
C:\Users\user\Desktop\5000 - BETTER\data\End_Milling\5000\5000-3\20260728154101267.jpg,End_Milling,5000.0,5000-3,1.5086,6f2bb8c4ce6dba94116e49b0e511e211,train
C:\Users\user\Desktop\5000 - BETTER\data\End_Milling\5000\5000-3\20260728154104048.jpg,End_Milling,5000.0,5000-3,1.5086,c753da9bf915a03523074765bfadbfad,train
C:\Users\user\Desktop\5000 - BETTER\data\End_Milling\5000\5000-3\20260728154107459.jpg,End_Milling,5000.0,5000-3,1.5086,f2970f581424a319355f79d907d38549,val
C:\Users\user\Desktop\5000 - BETTER\data\End_Milling\5000\5000-3\20260728154116540.jpg,End_Milling,5000.0,5000-3,1.5086,15f9a95f2b90ddf529c075b48f9419d0,train
C:\Users\user\Desktop\5000 - BETTER\data\End_Milling\5000\5000-3\20260728154119312.jpg,End_Milling,5000.0,5000-3,1.5086,09cb5ad8df6bcc23098cffba9f3aae7c,train
C:\Users\user\Desktop\5000 - BETTER\data\End_Milling\5000\5000-3\20260728154122486.jpg,End_Milling,5000.0,5000-3,1.5086,f3fc33e2fd90f4c0c5c66fa381a92031,train
C:\Users\user\Desktop\5000 - BETTER\data\End_Milling\5000\5000-3\20260728154125514.jpg,End_Milling,5000.0,5000-3,1.5086,ed3789d06c2827bbde39383609bb921d,train
C:\Users\user\Desktop\5000 - BETTER\data\End_Milling\5000\5000-3\20260728154128104.jpg,End_Milling,5000.0,5000-3,1.5086,be98d1011a54bf2203887819c42f95f7,train
C:\Users\user\Desktop\5000 - BETTER\data\End_Milling\5000\5000-3\20260728154130780.jpg,End_Milling,5000.0,5000-3,1.5086,dee8eba8d0cbbd4a981624a4711401e2,val
C:\Users\user\Desktop\5000 - BETTER\data\End_Milling\5000\5000-3\20260728154133696.jpg,End_Milling,5000.0,5000-3,1.5086,1ac00c7fb5480d68a3741ea8e92e39b2,val
C:\Users\user\Desktop\5000 - BETTER\data\End_Milling\5000\5000-3\20260728154136724.jpg,End_Milling,5000.0,5000-3,1.5086,fac2b5840d47193ad6ba8f3467426c52,train
C:\Users\user\Desktop\5000 - BETTER\data\End_Milling\5000\5000-3\20260728154139336.jpg,End_Milling,5000.0,5000-3,1.5086,2b090cf19ab3ed16a7bac9b1c7c1bf13,train
C:\Users\user\Desktop\5000 - BETTER\data\End_Milling\5000\5000-3\20260728154142060.jpg,End_Milling,5000.0,5000-3,1.5086,aee95ab576cee4c9f52117d8858e3bd4,train
C:\Users\user\Desktop\5000 - BETTER\data\End_Milling\5000\5000-3\20260728154144616.jpg,End_Milling,5000.0,5000-3,1.5086,999c88b095c2f9d7cdf84b6bb1eb968a,train
C:\Users\user\Desktop\5000 - BETTER\data\End_Milling\5000\5000-3\20260728154147062.jpg,End_Milling,5000.0,5000-3,1.5086,9d9ef699169209357f413c93c1683710,train
C:\Users\user\Desktop\5000 - BETTER\data\End_Milling\5000\5000-4\20260728160016977.jpg,End_Milling,5000.0,5000-4,1.19,95a5ce12133387adc00b2196efa92de4,train
C:\Users\user\Desktop\5000 - BETTER\data\End_Milling\5000\5000-4\20260728160020633.jpg,End_Milling,5000.0,5000-4,1.19,b566958412789feb6410fb1e83be2b5d,train
C:\Users\user\Desktop\5000 - BETTER\data\End_Milling\5000\5000-4\20260728160023533.jpg,End_Milling,5000.0,5000-4,1.19,1e21deb3ba3870f3bdde8c6db6f473ec,train
C:\Users\user\Desktop\5000 - BETTER\data\End_Milling\5000\5000-4\20260728160025769.jpg,End_Milling,5000.0,5000-4,1.19,722f6052a7fcefd703bca8775c4559be,train
C:\Users\user\Desktop\5000 - BETTER\data\End_Milling\5000\5000-4\20260728160038342.jpg,End_Milling,5000.0,5000-4,1.19,1f414e3a85267393ba8ebec0329a4c75,val
C:\Users\user\Desktop\5000 - BETTER\data\End_Milling\5000\5000-4\20260728160040556.jpg,End_Milling,5000.0,5000-4,1.19,4edf70a41e52965d36b78d79de9ad5ab,train
C:\Users\user\Desktop\5000 - BETTER\data\End_Milling\5000\5000-4\20260728160045069.jpg,End_Milling,5000.0,5000-4,1.19,e080423a561d2e339822598d18b75687,train
C:\Users\user\Desktop\5000 - BETTER\data\End_Milling\5000\5000-4\20260728160048100.jpg,End_Milling,5000.0,5000-4,1.19,402b0db69fb1705b5394494bfcf1ebf0,val
C:\Users\user\Desktop\5000 - BETTER\data\End_Milling\5000\5000-4\20260728160050873.jpg,End_Milling,5000.0,5000-4,1.19,6ab33aaeb5e33d5f5b0902962a3df07e,train
C:\Users\user\Desktop\5000 - BETTER\data\End_Milling\5000\5000-4\20260728160053103.jpg,End_Milling,5000.0,5000-4,1.19,d5193597c0d9f3a1262d67c9c3fc1761,train
C:\Users\user\Desktop\5000 - BETTER\data\End_Milling\5000\5000-4\20260728160055573.jpg,End_Milling,5000.0,5000-4,1.19,46c9f789ebc1eae76cd783d67d44de67,train
C:\Users\user\Desktop\5000 - BETTER\data\End_Milling\5000\5000-4\20260728160058322.jpg,End_Milling,5000.0,5000-4,1.19,64e2d5cbedf2488ef17be5ff91625506,train
C:\Users\user\Desktop\5000 - BETTER\data\End_Milling\5000\5000-5\20260728162138238.jpg,End_Milling,5000.0,5000-5,1.5132,308bb4ba074a48ba7cb95c06445bf5ff,train
C:\Users\user\Desktop\5000 - BETTER\data\End_Milling\5000\5000-5\20260728162141036.jpg,End_Milling,5000.0,5000-5,1.5132,158ad1abc2eab92144839a94fea7ceff,train
C:\Users\user\Desktop\5000 - BETTER\data\End_Milling\5000\5000-5\20260728162143617.jpg,End_Milling,5000.0,5000-5,1.5132,7841ec43e4254731766618b53c7767b9,val
C:\Users\user\Desktop\5000 - BETTER\data\End_Milling\5000\5000-5\20260728162147609.jpg,End_Milling,5000.0,5000-5,1.5132,c320f19c96a4e2210045d03a25651f62,train
C:\Users\user\Desktop\5000 - BETTER\data\End_Milling\5000\5000-5\20260728162149856.jpg,End_Milling,5000.0,5000-5,1.5132,d453d60e02956e0cc1fe7e31283d2a47,train
C:\Users\user\Desktop\5000 - BETTER\data\End_Milling\5000\5000-5\20260728162152734.jpg,End_Milling,5000.0,5000-5,1.5132,fbf1acf5fff9b6d3a47e616e93d8fd89,train
C:\Users\user\Desktop\5000 - BETTER\data\End_Milling\5000\5000-5\20260728162155803.jpg,End_Milling,5000.0,5000-5,1.5132,6b46f3a46344f170ef8c568e6feac68a,train
C:\Users\user\Desktop\5000 - BETTER\data\End_Milling\5000\5000-5\20260728162158240.jpg,End_Milling,5000.0,5000-5,1.5132,89c41570c2edf8ec6d62db4a1c40be4c,val
C:\Users\user\Desktop\5000 - BETTER\data\End_Milling\5000\5000-5\20260728162200528.jpg,End_Milling,5000.0,5000-5,1.5132,95309419497bfc5b7811a9584fd56b50,train
C:\Users\user\Desktop\5000 - BETTER\data\End_Milling\5000\5000-5\20260728162203893.jpg,End_Milling,5000.0,5000-5,1.5132,2a63d63aa6406cafd0ed63d233ebe0ac,train
C:\Users\user\Desktop\5000 - BETTER\data\End_Milling\5000\5000-5\20260728162216456.jpg,End_Milling,5000.0,5000-5,1.5132,fdf503e11f6cb4ad615c5de0a54204bb,val
C:\Users\user\Desktop\5000 - BETTER\data\End_Milling\5000\5000-5\20260728162221506.jpg,End_Milling,5000.0,5000-5,1.5132,eb596ccc9e43ad20bd1ae2a7a7445710,train
C:\Users\user\Desktop\5000 - BETTER\data\End_Milling\5000\5000-5\20260728162223783.jpg,End_Milling,5000.0,5000-5,1.5132,97da9341527f6192558c3db1d3ca3f6c,train
C:\Users\user\Desktop\5000 - BETTER\data\End_Milling\5000\5000-5\20260728162226071.jpg,End_Milling,5000.0,5000-5,1.5132,311c00f7d9546b927a1d5ad687283d30,train
C:\Users\user\Desktop\5000 - BETTER\data\End_Milling\5000\5000-5\20260728162228840.jpg,End_Milling,5000.0,5000-5,1.5132,6ab5464d42ef32af42bc97ea31cf25d4,train
C:\Users\user\Desktop\5000 - BETTER\data\End_Milling\5000\5000-6\20260729145616693.jpg,End_Milling,5000.0,5000-6,1.5084,3b64433246b30a75269d2febe73ddc03,val
C:\Users\user\Desktop\5000 - BETTER\data\End_Milling\5000\5000-6\20260729145623709.jpg,End_Milling,5000.0,5000-6,1.5084,5f7ed5dcca8b0f4c1f2ae07e1d9a0008,train
C:\Users\user\Desktop\5000 - BETTER\data\End_Milling\5000\5000-6\20260729145632266.jpg,End_Milling,5000.0,5000-6,1.5084,844c4e2e970726bccfed64416971311e,train
C:\Users\user\Desktop\5000 - BETTER\data\End_Milling\5000\5000-6\20260729145638361.jpg,End_Milling,5000.0,5000-6,1.5084,65be3b7ab1b23b420b24be4baa0afdc9,train
C:\Users\user\Desktop\5000 - BETTER\data\End_Milling\5000\5000-6\20260729145651463.jpg,End_Milling,5000.0,5000-6,1.5084,253340865910b0ed206175d4740c8238,train
C:\Users\user\Desktop\5000 - BETTER\data\End_Milling\5000\5000-6\20260729145700866.jpg,End_Milling,5000.0,5000-6,1.5084,9a740fc4c7ee8c4309af1b1a8b732396,train
C:\Users\user\Desktop\5000 - BETTER\data\End_Milling\5000\5000-6\20260729145706431.jpg,End_Milling,5000.0,5000-6,1.5084,97b32d879f4f557c64bc9a16f18c57e5,train
C:\Users\user\Desktop\5000 - BETTER\data\End_Milling\5000\5000-6\20260729145711620.jpg,End_Milling,5000.0,5000-6,1.5084,459a0d420d06c16771c03d8340613060,train
C:\Users\user\Desktop\5000 - BETTER\data\End_Milling\5000\5000-6\20260729145715723.jpg,End_Milling,5000.0,5000-6,1.5084,1c625f7f482344d690e8dec612696f4a,train
C:\Users\user\Desktop\5000 - BETTER\data\End_Milling\5000\5000-6\20260729145720375.jpg,End_Milling,5000.0,5000-6,1.5084,b5ccb337106fba2f7b4d66053ee7eac9,train
C:\Users\user\Desktop\5000 - BETTER\data\End_Milling\5000\5000-6\20260729145725842.jpg,End_Milling,5000.0,5000-6,1.5084,e612cc10e22e050da827ed8c994731c1,train
C:\Users\user\Desktop\5000 - BETTER\data\End_Milling\5000\5000-6\20260729145734078.jpg,End_Milling,5000.0,5000-6,1.5084,2d46e0bdf554657be5f42762bd657498,train
C:\Users\user\Desktop\5000 - BETTER\data\End_Milling\5000\5000-6\20260729145741697.jpg,End_Milling,5000.0,5000-6,1.5084,99575caea7a38e9dde72d205f386e853,train
C:\Users\user\Desktop\5000 - BETTER\data\End_Milling\5000\5000-6\20260729145809397.jpg,End_Milling,5000.0,5000-6,1.5084,98f113e04ddf8a7e1f55a3018aaf57e6,train
C:\Users\user\Desktop\5000 - BETTER\data\End_Milling\5000\5000-6\20260729145815379.jpg,End_Milling,5000.0,5000-6,1.5084,2a933a623ad94bfc1e0fb39692b89cf1,train
C:\Users\user\Desktop\5000 - BETTER\data\End_Milling\5000\5000-6\20260729145819908.jpg,End_Milling,5000.0,5000-6,1.5084,478baae8e7b56f3cc0211b9c410d20a6,train
C:\Users\user\Desktop\5000 - BETTER\data\End_Milling\5000\5000-6\20260729145824350.jpg,End_Milling,5000.0,5000-6,1.5084,31b6c7117aa289795ab3a22c72c6a618,val
C:\Users\user\Desktop\5000 - BETTER\data\End_Milling\5000\5000-6\20260729145827462.jpg,End_Milling,5000.0,5000-6,1.5084,31243272592ee99e97dbd21fa2ad76dc,train
C:\Users\user\Desktop\5000 - BETTER\data\End_Milling\5000\5000-6\20260729145831303.jpg,End_Milling,5000.0,5000-6,1.5084,82890b75b939ed25cf93e51cc588e015,train
C:\Users\user\Desktop\5000 - BETTER\data\End_Milling\5000\5000-6\20260729145834864.jpg,End_Milling,5000.0,5000-6,1.5084,534b3a42ba4922664543c23d01e457d9,val
C:\Users\user\Desktop\5000 - BETTER\data\End_Milling\5000\5000-6\20260729145838679.jpg,End_Milling,5000.0,5000-6,1.5084,ca45d4a3330570c781ed405529b7ffe3,train
C:\Users\user\Desktop\5000 - BETTER\data\End_Milling\5000\5000-6\20260729145842230.jpg,End_Milling,5000.0,5000-6,1.5084,b6d410b1069d17eaa326f371897b6230,train
C:\Users\user\Desktop\5000 - BETTER\data\End_Milling\5000\5000-6\20260729145846161.jpg,End_Milling,5000.0,5000-6,1.5084,56016d38622b0112bcd430708e46545c,val
C:\Users\user\Desktop\5000 - BETTER\data\End_Milling\5000\5000-6\20260729145906274.jpg,End_Milling,5000.0,5000-6,1.5084,65ae8cc51d7244e7645c3c6f43347fa1,train
C:\Users\user\Desktop\5000 - BETTER\data\End_Milling\5000\5000-6\20260729145912058.jpg,End_Milling,5000.0,5000-6,1.5084,58e9ba8f614f5ceaa84834565278983c,train
C:\Users\user\Desktop\5000 - BETTER\data\End_Milling\5000\5000-6\20260729145916525.jpg,End_Milling,5000.0,5000-6,1.5084,a5ac515c6ff6513a9140e860bfd7a891,val
C:\Users\user\Desktop\5000 - BETTER\data\End_Milling\5000\5000-7\20260729163428287.jpg,End_Milling,5000.0,5000-7,1.4602,ea03461c69312bb014cf65fd83c30fc1,val
C:\Users\user\Desktop\5000 - BETTER\data\End_Milling\5000\5000-7\20260729163431919.jpg,End_Milling,5000.0,5000-7,1.4602,e1d2731421236ea6de8a66f0fdf4badf,train
C:\Users\user\Desktop\5000 - BETTER\data\End_Milling\5000\5000-7\20260729163435791.jpg,End_Milling,5000.0,5000-7,1.4602,4099daab6dc0e1ba98f8b332f65d343b,train
C:\Users\user\Desktop\5000 - BETTER\data\End_Milling\5000\5000-7\20260729163440184.jpg,End_Milling,5000.0,5000-7,1.4602,ef9d7717aab3d1981594ffc34b15d2ea,train
C:\Users\user\Desktop\5000 - BETTER\data\End_Milling\5000\5000-7\20260729163448696.jpg,End_Milling,5000.0,5000-7,1.4602,b24b3ed87182a1f7ad4b5719e702eecd,train
C:\Users\user\Desktop\5000 - BETTER\data\End_Milling\5000\5000-7\20260729163452687.jpg,End_Milling,5000.0,5000-7,1.4602,eec527b42827afc5732b858f5655d20c,train
C:\Users\user\Desktop\5000 - BETTER\data\End_Milling\5000\5000-7\20260729163610303.jpg,End_Milling,5000.0,5000-7,1.4602,7f82bc73aad75644f77e69d257907f99,val
C:\Users\user\Desktop\5000 - BETTER\data\End_Milling\5000\5000-7\20260729163619874.jpg,End_Milling,5000.0,5000-7,1.4602,5130ba84980f7ac1a3b15844fafbed27,train
C:\Users\user\Desktop\5000 - BETTER\data\End_Milling\5000\5000-7\20260729163628243.jpg,End_Milling,5000.0,5000-7,1.4602,1fff52aed2a9d94b3df480e66b4b7030,train
C:\Users\user\Desktop\5000 - BETTER\data\End_Milling\5000\5000-7\20260729163640333.jpg,End_Milling,5000.0,5000-7,1.4602,8e3aa7688f0a28b2b11db619e04e38f3,train
C:\Users\user\Desktop\5000 - BETTER\data\End_Milling\5000\5000-7\20260729163646474.jpg,End_Milling,5000.0,5000-7,1.4602,2939e0bc94d0040b19a8cfc2a57dbfef,train
C:\Users\user\Desktop\5000 - BETTER\data\End_Milling\5000\5000-7\20260729163655493.jpg,End_Milling,5000.0,5000-7,1.4602,d031a4817e803ad15f2c1658aef76a59,val
C:\Users\user\Desktop\5000 - BETTER\data\End_Milling\5000\5000-7\20260729163704227.jpg,End_Milling,5000.0,5000-7,1.4602,599618d2c6e61e749d2ecf7061fd677e,train
C:\Users\user\Desktop\5000 - BETTER\data\End_Milling\5000\5000-7.5\20260729163731013.jpg,End_Milling,5000.0,5000-7.5,1.4602,bd2171a2f1db373048ecfdb1566e6a35,val
C:\Users\user\Desktop\5000 - BETTER\data\End_Milling\5000\5000-7.5\20260729163735624.jpg,End_Milling,5000.0,5000-7.5,1.4602,f03ae9bdc69600df029523e65bff7fa6,train
C:\Users\user\Desktop\5000 - BETTER\data\End_Milling\5000\5000-7.5\20260729163755075.jpg,End_Milling,5000.0,5000-7.5,1.4602,06174b59d72c870ccd49822e80b7267b,train
C:\Users\user\Desktop\5000 - BETTER\data\End_Milling\5000\5000-7.5\20260729163758412.jpg,End_Milling,5000.0,5000-7.5,1.4602,0ada8af587730179122a4a7f13fd5c60,train
C:\Users\user\Desktop\5000 - BETTER\data\End_Milling\5000\5000-7.5\20260729163802781.jpg,End_Milling,5000.0,5000-7.5,1.4602,72ce467d31e1ac49f4984e1018b570e3,val
C:\Users\user\Desktop\5000 - BETTER\data\End_Milling\5000\5000-7.5\20260729163806886.jpg,End_Milling,5000.0,5000-7.5,1.4602,d72bded47b013e3bce763686c3e2a05b,train
C:\Users\user\Desktop\5000 - BETTER\data\End_Milling\5000\5000-7.5\20260729163812314.jpg,End_Milling,5000.0,5000-7.5,1.4602,525fc34dd63b8f221ff60bf2e7af8353,train
C:\Users\user\Desktop\5000 - BETTER\data\End_Milling\5000\5000-7.5\20260729163822500.jpg,End_Milling,5000.0,5000-7.5,1.4602,b6aa2eb20a8e39a79e80f213fb556259,train
C:\Users\user\Desktop\5000 - BETTER\data\End_Milling\5000\5000-7.5\20260729163829489.jpg,End_Milling,5000.0,5000-7.5,1.4602,08085e02703cd3f1dceba3a2c214c057,train
C:\Users\user\Desktop\5000 - BETTER\data\End_Milling\5000\5000-7.5\20260729163837701.jpg,End_Milling,5000.0,5000-7.5,1.4602,c3d7172e7c45bf6854b4171a71f85bdf,train
C:\Users\user\Desktop\5000 - BETTER\data\End_Milling\5000\5000-8\20260730140521479.jpg,End_Milling,5000.0,5000-8,2.1068,d4fb410cbcefe736f9e61246b1c6a5bf,train
C:\Users\user\Desktop\5000 - BETTER\data\End_Milling\5000\5000-8\20260730140525479.jpg,End_Milling,5000.0,5000-8,2.1068,0127eeddf3465ff8bba1cac776e69d49,train
C:\Users\user\Desktop\5000 - BETTER\data\End_Milling\5000\5000-8\20260730140528366.jpg,End_Milling,5000.0,5000-8,2.1068,a03ebea5eaeaabf96dc1d33aae2819c9,val
C:\Users\user\Desktop\5000 - BETTER\data\End_Milling\5000\5000-8\20260730140531450.jpg,End_Milling,5000.0,5000-8,2.1068,bf1b4746c03b179fc7823bbf41234ecd,train
C:\Users\user\Desktop\5000 - BETTER\data\End_Milling\5000\5000-8\20260730140534192.jpg,End_Milling,5000.0,5000-8,2.1068,9af1cc4ce0d82df29d3447eaa15cd770,train
C:\Users\user\Desktop\5000 - BETTER\data\End_Milling\5000\5000-8\20260730140543827.jpg,End_Milling,5000.0,5000-8,2.1068,19c13f68bae6ee82b98b09a59dc459ae,val
C:\Users\user\Desktop\5000 - BETTER\data\End_Milling\5000\5000-8\20260730140547115.jpg,End_Milling,5000.0,5000-8,2.1068,09902e820ed7d2bb2730c276f7ca116b,train
C:\Users\user\Desktop\5000 - BETTER\data\End_Milling\5000\5000-8\20260730140549368.jpg,End_Milling,5000.0,5000-8,2.1068,9f4c5787679e1c3d360ddcf68cc58034,train
C:\Users\user\Desktop\5000 - BETTER\data\End_Milling\5000\5000-8\20260730140552189.jpg,End_Milling,5000.0,5000-8,2.1068,2071b36ded9a06567b3cead34b85ee00,train
C:\Users\user\Desktop\5000 - BETTER\data\End_Milling\5000\5000-8\20260730140554540.jpg,End_Milling,5000.0,5000-8,2.1068,70cff7ebbd35c12a67a1c3f853fcf494,train
C:\Users\user\Desktop\5000 - BETTER\data\End_Milling\5000\5000-8\20260730140556831.jpg,End_Milling,5000.0,5000-8,2.1068,bc781f2f88bcfc56c54d9f62cbd7e896,train
C:\Users\user\Desktop\5000 - BETTER\data\End_Milling\5000\5000-8\20260730140559526.jpg,End_Milling,5000.0,5000-8,2.1068,891e77438bcd3bc7dba3de86a17d7cb9,train
C:\Users\user\Desktop\5000 - BETTER\data\End_Milling\5000\5000-8\20260730140602349.jpg,End_Milling,5000.0,5000-8,2.1068,85175e307c7248e1978c29cac28b5ea3,val
C:\Users\user\Desktop\5000 - BETTER\data\End_Milling\5000\5000-8\20260730140606140.jpg,End_Milling,5000.0,5000-8,2.1068,82254d789b310927d66458d2959c6def,train
C:\Users\user\Desktop\5000 - BETTER\data\End_Milling\5000\5000-8\20260730140612250.jpg,End_Milling,5000.0,5000-8,2.1068,be78f6232b3dad64733ddf844ebed6ad,train
C:\Users\user\Desktop\5000 - BETTER\data\End_Milling\5000\5000-9\20260730142102128.jpg,End_Milling,5000.0,5000-9,2.0038,bd4b0e7f4f926e985abb2893c7ec24fd,val
C:\Users\user\Desktop\5000 - BETTER\data\End_Milling\5000\5000-9\20260730142105253.jpg,End_Milling,5000.0,5000-9,2.0038,af905789e33ef11f9a7b9811a26184e5,train
C:\Users\user\Desktop\5000 - BETTER\data\End_Milling\5000\5000-9\20260730142108201.jpg,End_Milling,5000.0,5000-9,2.0038,35ecac0cf4384829142a555e017e5859,train
C:\Users\user\Desktop\5000 - BETTER\data\End_Milling\5000\5000-9\20260730142110784.jpg,End_Milling,5000.0,5000-9,2.0038,e99484172f99d07acf2bd16de1331939,train
C:\Users\user\Desktop\5000 - BETTER\data\End_Milling\5000\5000-9\20260730142118309.jpg,End_Milling,5000.0,5000-9,2.0038,38b919187329b80c287a7af694b5e517,val
C:\Users\user\Desktop\5000 - BETTER\data\End_Milling\5000\5000-9\20260730142120545.jpg,End_Milling,5000.0,5000-9,2.0038,47cd339000c70a1675bb34eddfd76ae9,train
C:\Users\user\Desktop\5000 - BETTER\data\End_Milling\5000\5000-9\20260730142123024.jpg,End_Milling,5000.0,5000-9,2.0038,942605356a8f2cdddc818ea32268c0ff,train
C:\Users\user\Desktop\5000 - BETTER\data\End_Milling\5000\5000-9\20260730142125141.jpg,End_Milling,5000.0,5000-9,2.0038,06535dd2dabca11c7cd2e127d8556ad3,train
C:\Users\user\Desktop\5000 - BETTER\data\End_Milling\5000\5000-9\20260730142127354.jpg,End_Milling,5000.0,5000-9,2.0038,4bda2da35a3a1faaabb26b2f97ae759c,train
C:\Users\user\Desktop\5000 - BETTER\data\End_Milling\5000\5000-9\20260730142129998.jpg,End_Milling,5000.0,5000-9,2.0038,c78a60d8934fcf3e6861109c0cf2978d,val
C:\Users\user\Desktop\5000 - BETTER\data\End_Milling\5000\5000-9\20260730142134096.jpg,End_Milling,5000.0,5000-9,2.0038,bcbc86f7d4a74c1590bba2be9858d8e0,train
C:\Users\user\Desktop\5000 - BETTER\data\End_Milling\5000\5000-9\20260730142136565.jpg,End_Milling,5000.0,5000-9,2.0038,666a7f4df63407d9498bf14e53ffc8d5,train
C:\Users\user\Desktop\5000 - BETTER\data\End_Milling\5000\5000-9\20260730142139809.jpg,End_Milling,5000.0,5000-9,2.0038,4d3525b47d2a801fdea3248566c62df4,train
C:\Users\user\Desktop\5000 - BETTER\data\End_Milling\5000\5000-9\20260730142146260.jpg,End_Milling,5000.0,5000-9,2.0038,74c6e632fe454eda21cf2efc8c6bd2b7,train
C:\Users\user\Desktop\5000 - BETTER\data\End_Milling\7000\7000-1\20260723140203924.jpg,End_Milling,7000.0,7000-1,1.8972,b54456522ecc69d9d2d1cacd67802862,train
C:\Users\user\Desktop\5000 - BETTER\data\End_Milling\7000\7000-1\20260723140208850.jpg,End_Milling,7000.0,7000-1,1.8972,fc7c664556e4a6f05cc24d0b0a3f45e8,val
C:\Users\user\Desktop\5000 - BETTER\data\End_Milling\7000\7000-1\20260723140216291.jpg,End_Milling,7000.0,7000-1,1.8972,4564ead0a1adc8e434771d852d7ef0b2,train
C:\Users\user\Desktop\5000 - BETTER\data\End_Milling\7000\7000-1\20260723140220557.jpg,End_Milling,7000.0,7000-1,1.8972,50a4ac910eb8dbf51b1680e3bc155959,train
C:\Users\user\Desktop\5000 - BETTER\data\End_Milling\7000\7000-1\20260723140223540.jpg,End_Milling,7000.0,7000-1,1.8972,2ce65a43feff95f2493fc792cc592e8f,train
C:\Users\user\Desktop\5000 - BETTER\data\End_Milling\7000\7000-1\20260723140226307.jpg,End_Milling,7000.0,7000-1,1.8972,fcbcdea2d8a952945ae719e2c5346c31,train
C:\Users\user\Desktop\5000 - BETTER\data\End_Milling\7000\7000-1\20260723140228927.jpg,End_Milling,7000.0,7000-1,1.8972,ac74bf1a506919c74dfa9b8edc7f4e0f,train
C:\Users\user\Desktop\5000 - BETTER\data\End_Milling\7000\7000-1\20260723140231316.jpg,End_Milling,7000.0,7000-1,1.8972,2d8c933a437b978281b1eca7e6c6fb14,val
C:\Users\user\Desktop\5000 - BETTER\data\End_Milling\7000\7000-1\20260723140233626.jpg,End_Milling,7000.0,7000-1,1.8972,c90ebb1e43982959ef3f341752009d0a,train
C:\Users\user\Desktop\5000 - BETTER\data\End_Milling\7000\7000-1\20260723140236768.jpg,End_Milling,7000.0,7000-1,1.8972,47fcee221089001b893bc13e77e38239,val
C:\Users\user\Desktop\5000 - BETTER\data\End_Milling\7000\7000-1\20260723140239180.jpg,End_Milling,7000.0,7000-1,1.8972,f330ae280974f3119dfb11a3ad6183a2,train
C:\Users\user\Desktop\5000 - BETTER\data\End_Milling\7000\7000-1\20260723140242620.jpg,End_Milling,7000.0,7000-1,1.8972,f47116ee4d0d91d6e50238a314d8647e,train
C:\Users\user\Desktop\5000 - BETTER\data\End_Milling\7000\7000-1\20260723140245106.jpg,End_Milling,7000.0,7000-1,1.8972,f95fe8428dcbf04c629f80c2a1a07500,train
C:\Users\user\Desktop\5000 - BETTER\data\End_Milling\7000\7000-1\20260723140247278.jpg,End_Milling,7000.0,7000-1,1.8972,728034f055efe463f39cdb8ca669773b,train
C:\Users\user\Desktop\5000 - BETTER\data\End_Milling\7000\7000-1\20260723140249498.jpg,End_Milling,7000.0,7000-1,1.8972,b5dd79d74cbe6ff13c497c160874966b,train
C:\Users\user\Desktop\5000 - BETTER\data\End_Milling\7000\7000-1\20260723140251632.jpg,End_Milling,7000.0,7000-1,1.8972,f1228362019d3c34765bf16224eed701,train
C:\Users\user\Desktop\5000 - BETTER\data\End_Milling\7000\7000-1\20260723140253877.jpg,End_Milling,7000.0,7000-1,1.8972,d28f368ba7c96bb474c051208fafe64d,train
C:\Users\user\Desktop\5000 - BETTER\data\End_Milling\7000\7000-1\20260723140256554.jpg,End_Milling,7000.0,7000-1,1.8972,15b5710f25d2751b82a800460469f2c0,train
C:\Users\user\Desktop\5000 - BETTER\data\End_Milling\7000\7000-1\20260723140300796.jpg,End_Milling,7000.0,7000-1,1.8972,6f4d71c184664ae940602c8f2e992d59,val
C:\Users\user\Desktop\5000 - BETTER\data\End_Milling\7000\7000-10\20260909143142147.jpg,End_Milling,7000.0,7000-10,1.7792,ea87491757875da528f26c9eeb8308da,val
C:\Users\user\Desktop\5000 - BETTER\data\End_Milling\7000\7000-10\20260909143149123.jpg,End_Milling,7000.0,7000-10,1.7792,98c60015a494b9cec55f44cc63fa863e,train
C:\Users\user\Desktop\5000 - BETTER\data\End_Milling\7000\7000-10\20260909143202027.jpg,End_Milling,7000.0,7000-10,1.7792,0265c8f9748783dcea27df7d9fe4cb75,train
C:\Users\user\Desktop\5000 - BETTER\data\End_Milling\7000\7000-10\20260909143209108.jpg,End_Milling,7000.0,7000-10,1.7792,18690bd22300cb4891e605100990c88c,train
C:\Users\user\Desktop\5000 - BETTER\data\End_Milling\7000\7000-10\20260909143210658.jpg,End_Milling,7000.0,7000-10,1.7792,f235cf739f7fab2522049107460a8635,train
C:\Users\user\Desktop\5000 - BETTER\data\End_Milling\7000\7000-10\20260909143212025.jpg,End_Milling,7000.0,7000-10,1.7792,9d3095e62524b6dbc50fa6295a6360c6,train
C:\Users\user\Desktop\5000 - BETTER\data\End_Milling\7000\7000-10\20260909143215416.jpg,End_Milling,7000.0,7000-10,1.7792,efabc795300b6761b362b03c9e11e6a4,train
C:\Users\user\Desktop\5000 - BETTER\data\End_Milling\7000\7000-10\20260909143217195.jpg,End_Milling,7000.0,7000-10,1.7792,8a035b51796d88da1e61db571ba99746,train
C:\Users\user\Desktop\5000 - BETTER\data\End_Milling\7000\7000-10\20260909143220265.jpg,End_Milling,7000.0,7000-10,1.7792,70f87c025fb941079196d52482d21c7b,train
C:\Users\user\Desktop\5000 - BETTER\data\End_Milling\7000\7000-10\20260909143223239.jpg,End_Milling,7000.0,7000-10,1.7792,32046cc604d461969e58601f8f441a77,val
C:\Users\user\Desktop\5000 - BETTER\data\End_Milling\7000\7000-10\20260909143225075.jpg,End_Milling,7000.0,7000-10,1.7792,92e0dd6df537384ddf5eb861488589b2,train
C:\Users\user\Desktop\5000 - BETTER\data\End_Milling\7000\7000-10\20260909143235215.jpg,End_Milling,7000.0,7000-10,1.7792,746bfc0bcbf7ba4b0f2e079436bef389,train
C:\Users\user\Desktop\5000 - BETTER\data\End_Milling\7000\7000-10\20260909143239633.jpg,End_Milling,7000.0,7000-10,1.7792,53047b0aa0a4a41bbc681da21155d983,val
C:\Users\user\Desktop\5000 - BETTER\data\End_Milling\7000\7000-10\20260909143245767.jpg,End_Milling,7000.0,7000-10,1.7792,48d7e71c011c02254cb039761065b346,train
C:\Users\user\Desktop\5000 - BETTER\data\End_Milling\7000\7000-11\20260909145545151.jpg,End_Milling,7000.0,7000-11,1.579,01b943600bf7b18ab8a0c1aef2e7610b,train
C:\Users\user\Desktop\5000 - BETTER\data\End_Milling\7000\7000-11\20260909145549087.jpg,End_Milling,7000.0,7000-11,1.579,c42d5e7f9a302485caf0a63ad3a6f538,train
C:\Users\user\Desktop\5000 - BETTER\data\End_Milling\7000\7000-11\20260909145558581.jpg,End_Milling,7000.0,7000-11,1.579,b4cb60633e27888b75509ba582fa3f60,train
C:\Users\user\Desktop\5000 - BETTER\data\End_Milling\7000\7000-11\20260909145600090.jpg,End_Milling,7000.0,7000-11,1.579,73576484de80475bd5d862a88cb6c876,train
C:\Users\user\Desktop\5000 - BETTER\data\End_Milling\7000\7000-11\20260909145601683.jpg,End_Milling,7000.0,7000-11,1.579,665467014acc94291113f719ef891f55,train
C:\Users\user\Desktop\5000 - BETTER\data\End_Milling\7000\7000-11\20260909145603079.jpg,End_Milling,7000.0,7000-11,1.579,27a44e7b706369ce268331640515f395,train
C:\Users\user\Desktop\5000 - BETTER\data\End_Milling\7000\7000-11\20260909145606693.jpg,End_Milling,7000.0,7000-11,1.579,c9811ae19ec89eabd8501c877b860e63,train
C:\Users\user\Desktop\5000 - BETTER\data\End_Milling\7000\7000-11\20260909145614886.jpg,End_Milling,7000.0,7000-11,1.579,2559cf97d27e3499f6444af42432be26,train
C:\Users\user\Desktop\5000 - BETTER\data\End_Milling\7000\7000-11\20260909145619479.jpg,End_Milling,7000.0,7000-11,1.579,46fe623ec324a087b2b8cd5cc863abd9,train
C:\Users\user\Desktop\5000 - BETTER\data\End_Milling\7000\7000-11\20260909145621931.jpg,End_Milling,7000.0,7000-11,1.579,73981e58ca912c0d671a0543de37a6da,val
C:\Users\user\Desktop\5000 - BETTER\data\End_Milling\7000\7000-11\20260909145627520.jpg,End_Milling,7000.0,7000-11,1.579,ea17552c954a1d8db0ada42950e9f5d2,train
C:\Users\user\Desktop\5000 - BETTER\data\End_Milling\7000\7000-11\20260909145629308.jpg,End_Milling,7000.0,7000-11,1.579,f1d636732d99596d314d76b249e95aa4,train
C:\Users\user\Desktop\5000 - BETTER\data\End_Milling\7000\7000-11\20260909145632089.jpg,End_Milling,7000.0,7000-11,1.579,5db0c22deefc98afce70e82eaf21b59d,train
C:\Users\user\Desktop\5000 - BETTER\data\End_Milling\7000\7000-11\20260909145641495.jpg,End_Milling,7000.0,7000-11,1.579,90535411cbef9473247680c53e02178d,val
C:\Users\user\Desktop\5000 - BETTER\data\End_Milling\7000\7000-11\20260909145651815.jpg,End_Milling,7000.0,7000-11,1.579,ccd9b8894e2037533c29e1f531756681,val
C:\Users\user\Desktop\5000 - BETTER\data\End_Milling\7000\7000-11\20260909145654025.jpg,End_Milling,7000.0,7000-11,1.579,ec7f303c54f86da80f3ffe73bb69166b,train
C:\Users\user\Desktop\5000 - BETTER\data\End_Milling\7000\7000-2\20260723142725475.jpg,End_Milling,7000.0,7000-2,1.6492,86020ba2812f7f1795e97a220240ca3a,val
C:\Users\user\Desktop\5000 - BETTER\data\End_Milling\7000\7000-2\20260723142728816.jpg,End_Milling,7000.0,7000-2,1.6492,eac35936dbbdbc88a50f712682c10175,train
C:\Users\user\Desktop\5000 - BETTER\data\End_Milling\7000\7000-2\20260723142731870.jpg,End_Milling,7000.0,7000-2,1.6492,ce38a29558817f3feb91c73b9def3b8f,train
C:\Users\user\Desktop\5000 - BETTER\data\End_Milling\7000\7000-2\20260723142735575.jpg,End_Milling,7000.0,7000-2,1.6492,ac7b23f2d2164100159dcfb87ed7e92a,train
C:\Users\user\Desktop\5000 - BETTER\data\End_Milling\7000\7000-2\20260723142738164.jpg,End_Milling,7000.0,7000-2,1.6492,4e569a08d1bde2f3f83181f2d361e513,train
C:\Users\user\Desktop\5000 - BETTER\data\End_Milling\7000\7000-2\20260723142740802.jpg,End_Milling,7000.0,7000-2,1.6492,eae19b03bb5557cf393b703540ef62c7,train
C:\Users\user\Desktop\5000 - BETTER\data\End_Milling\7000\7000-2\20260723142743438.jpg,End_Milling,7000.0,7000-2,1.6492,fc599c730c3eddc9e4868b62253a1f23,train
C:\Users\user\Desktop\5000 - BETTER\data\End_Milling\7000\7000-2\20260723142746254.jpg,End_Milling,7000.0,7000-2,1.6492,dc12f3a5112a060b5fcbdb295b1dbab6,train
C:\Users\user\Desktop\5000 - BETTER\data\End_Milling\7000\7000-2\20260723142748402.jpg,End_Milling,7000.0,7000-2,1.6492,5aedb770af2cd42eac98d51d66d05b24,train
C:\Users\user\Desktop\5000 - BETTER\data\End_Milling\7000\7000-2\20260723142756996.jpg,End_Milling,7000.0,7000-2,1.6492,3b36b1185f92cbde0f3eb941969e9629,train
C:\Users\user\Desktop\5000 - BETTER\data\End_Milling\7000\7000-2\20260723142759088.jpg,End_Milling,7000.0,7000-2,1.6492,7dd053b7bca648b378b2c8617c220692,train
C:\Users\user\Desktop\5000 - BETTER\data\End_Milling\7000\7000-2\20260723142801167.jpg,End_Milling,7000.0,7000-2,1.6492,32559382812c1d3f21ed7a11318563d3,train
C:\Users\user\Desktop\5000 - BETTER\data\End_Milling\7000\7000-2\20260723142804798.jpg,End_Milling,7000.0,7000-2,1.6492,2b5c6987df2a984e5c81883a40cd62b6,train
C:\Users\user\Desktop\5000 - BETTER\data\End_Milling\7000\7000-2\20260723142808806.jpg,End_Milling,7000.0,7000-2,1.6492,6a62ec03bc92b6548ea483db64d8d9f0,val
C:\Users\user\Desktop\5000 - BETTER\data\End_Milling\7000\7000-2\20260723142816315.jpg,End_Milling,7000.0,7000-2,1.6492,dc0820247ef8f1126ff69ef9596ee130,train
C:\Users\user\Desktop\5000 - BETTER\data\End_Milling\7000\7000-2\20260723142818990.jpg,End_Milling,7000.0,7000-2,1.6492,579c58c45f2aeacb5a5f5f011dfb35dc,train
C:\Users\user\Desktop\5000 - BETTER\data\End_Milling\7000\7000-2\20260723142821676.jpg,End_Milling,7000.0,7000-2,1.6492,32da03703f63e5fc713602ce16596216,train
C:\Users\user\Desktop\5000 - BETTER\data\End_Milling\7000\7000-2\20260723142824830.jpg,End_Milling,7000.0,7000-2,1.6492,86eeef83c669959cd05f6a79dcb44adb,val
C:\Users\user\Desktop\5000 - BETTER\data\End_Milling\7000\7000-2\20260723142833278.jpg,End_Milling,7000.0,7000-2,1.6492,8f86987c8fc4e44abed3b6503b2f3d47,val
C:\Users\user\Desktop\5000 - BETTER\data\End_Milling\7000\7000-3\20260723145049108.jpg,End_Milling,7000.0,7000-3,1.462,19a935d849b25951fb08036129538073,train
C:\Users\user\Desktop\5000 - BETTER\data\End_Milling\7000\7000-3\20260723145054462.jpg,End_Milling,7000.0,7000-3,1.462,1db3b198d8a00b60c3803d38d41a2b65,train
C:\Users\user\Desktop\5000 - BETTER\data\End_Milling\7000\7000-3\20260723145057980.jpg,End_Milling,7000.0,7000-3,1.462,1e1710d5c0b606dbe8320ac63c50c395,val
C:\Users\user\Desktop\5000 - BETTER\data\End_Milling\7000\7000-3\20260723145100490.jpg,End_Milling,7000.0,7000-3,1.462,367e022e2c01deab58751a48578ff675,val
C:\Users\user\Desktop\5000 - BETTER\data\End_Milling\7000\7000-3\20260723145102743.jpg,End_Milling,7000.0,7000-3,1.462,21c9c5062f874d7c999a53aa47ede79a,val
C:\Users\user\Desktop\5000 - BETTER\data\End_Milling\7000\7000-3\20260723145104989.jpg,End_Milling,7000.0,7000-3,1.462,3df2575ae34cf66c04f7f773ee0c56a5,train
C:\Users\user\Desktop\5000 - BETTER\data\End_Milling\7000\7000-3\20260723145107035.jpg,End_Milling,7000.0,7000-3,1.462,ef5e3ecad5c19cdf16a10c661240e8c7,train
C:\Users\user\Desktop\5000 - BETTER\data\End_Milling\7000\7000-3\20260723145109229.jpg,End_Milling,7000.0,7000-3,1.462,8097e32869e74d294583e8542fd8ffc1,train
C:\Users\user\Desktop\5000 - BETTER\data\End_Milling\7000\7000-3\20260723145111457.jpg,End_Milling,7000.0,7000-3,1.462,86940e64bc54db485529a6ff23ed45dc,train
C:\Users\user\Desktop\5000 - BETTER\data\End_Milling\7000\7000-3\20260723145114398.jpg,End_Milling,7000.0,7000-3,1.462,de466d62df12c20ed690e70241a0dadc,train
C:\Users\user\Desktop\5000 - BETTER\data\End_Milling\7000\7000-3\20260723145116723.jpg,End_Milling,7000.0,7000-3,1.462,45d8dbe39bbcfaa669caf911f223e10e,train
C:\Users\user\Desktop\5000 - BETTER\data\End_Milling\7000\7000-3\20260723145119368.jpg,End_Milling,7000.0,7000-3,1.462,113ea25c79fe23e6fbf584b92f3378ed,train
C:\Users\user\Desktop\5000 - BETTER\data\End_Milling\7000\7000-3\20260723145129094.jpg,End_Milling,7000.0,7000-3,1.462,5b5fbdc78d8b0e284e43099ff6c7221b,train
C:\Users\user\Desktop\5000 - BETTER\data\End_Milling\7000\7000-3\20260723145132168.jpg,End_Milling,7000.0,7000-3,1.462,93716cd1e11442c56f1aecee98e27867,train
C:\Users\user\Desktop\5000 - BETTER\data\End_Milling\7000\7000-4\20260723151521648.jpg,End_Milling,7000.0,7000-4,1.752,ac4fe0f1514c0ea3f1dcc5d3d5be16e1,train
C:\Users\user\Desktop\5000 - BETTER\data\End_Milling\7000\7000-4\20260723151524335.jpg,End_Milling,7000.0,7000-4,1.752,3f1ece153cfb53ab4f5acc4cd0b9536f,train
C:\Users\user\Desktop\5000 - BETTER\data\End_Milling\7000\7000-4\20260723151527606.jpg,End_Milling,7000.0,7000-4,1.752,87db51fe4711ed5d6a60ec5598922bcd,train
C:\Users\user\Desktop\5000 - BETTER\data\End_Milling\7000\7000-4\20260723151530979.jpg,End_Milling,7000.0,7000-4,1.752,5166706beb69c15123f002e53d74cda9,val
C:\Users\user\Desktop\5000 - BETTER\data\End_Milling\7000\7000-4\20260723151534385.jpg,End_Milling,7000.0,7000-4,1.752,aa04dd02bbc842e031ac6ecec81395c4,train
C:\Users\user\Desktop\5000 - BETTER\data\End_Milling\7000\7000-4\20260723151538118.jpg,End_Milling,7000.0,7000-4,1.752,539769f43e9e4385087aa0e77fb24e81,val
C:\Users\user\Desktop\5000 - BETTER\data\End_Milling\7000\7000-4\20260723151541622.jpg,End_Milling,7000.0,7000-4,1.752,6c9baeeaf1bf50a4756dd53f7478ab6e,train
C:\Users\user\Desktop\5000 - BETTER\data\End_Milling\7000\7000-4\20260723151544852.jpg,End_Milling,7000.0,7000-4,1.752,32c70942a7f89d9012f52765549868c8,val
C:\Users\user\Desktop\5000 - BETTER\data\End_Milling\7000\7000-4\20260723151548011.jpg,End_Milling,7000.0,7000-4,1.752,2758cd179e9b7742dcc919149c16ce6d,train
C:\Users\user\Desktop\5000 - BETTER\data\End_Milling\7000\7000-4\20260723151552258.jpg,End_Milling,7000.0,7000-4,1.752,7c9bd2557cb3548006bcb06285b0273a,train
C:\Users\user\Desktop\5000 - BETTER\data\End_Milling\7000\7000-4\20260723151555136.jpg,End_Milling,7000.0,7000-4,1.752,b86a01e991d2f66f16912ae0cbb3abdf,train
C:\Users\user\Desktop\5000 - BETTER\data\End_Milling\7000\7000-4\20260723151558431.jpg,End_Milling,7000.0,7000-4,1.752,7a59ae4fdec0d07c956ba8c098d05d34,train
C:\Users\user\Desktop\5000 - BETTER\data\End_Milling\7000\7000-4\20260723151601436.jpg,End_Milling,7000.0,7000-4,1.752,4a611505c761905db9ad7b90a9dee62a,train
C:\Users\user\Desktop\5000 - BETTER\data\End_Milling\7000\7000-4\20260723151605740.jpg,End_Milling,7000.0,7000-4,1.752,deece6596af32131adc8d775f3d0cd17,train
C:\Users\user\Desktop\5000 - BETTER\data\End_Milling\7000\7000-4\20260723151608990.jpg,End_Milling,7000.0,7000-4,1.752,bf06b5214ac458613c8593306edaaec4,train
C:\Users\user\Desktop\5000 - BETTER\data\End_Milling\7000\7000-4\20260723151614190.jpg,End_Milling,7000.0,7000-4,1.752,a21d9798ca69662ad1f12bd9dbf75045,train
C:\Users\user\Desktop\5000 - BETTER\data\End_Milling\7000\7000-5\20260728141618147.jpg,End_Milling,7000.0,7000-5,1.662,d3d3e7acc521e2ed9a47fa197639f9a8,train
C:\Users\user\Desktop\5000 - BETTER\data\End_Milling\7000\7000-5\20260728141644533.jpg,End_Milling,7000.0,7000-5,1.662,480499ae91f3ba1927493eec60c9ad2d,train
C:\Users\user\Desktop\5000 - BETTER\data\End_Milling\7000\7000-5\20260728141649993.jpg,End_Milling,7000.0,7000-5,1.662,6e6aaf6852269e739030ea94fe82ef72,train
C:\Users\user\Desktop\5000 - BETTER\data\End_Milling\7000\7000-5\20260728141654892.jpg,End_Milling,7000.0,7000-5,1.662,b5cd0aa20a914d3afd9dae903b9696a1,train
C:\Users\user\Desktop\5000 - BETTER\data\End_Milling\7000\7000-5\20260728141659992.jpg,End_Milling,7000.0,7000-5,1.662,d802f4206b8c0c52cc9c1f98fd5aaef8,val
C:\Users\user\Desktop\5000 - BETTER\data\End_Milling\7000\7000-5\20260728141705090.jpg,End_Milling,7000.0,7000-5,1.662,095a6a75ed30ee7df7cc1276a0d19d13,train
C:\Users\user\Desktop\5000 - BETTER\data\End_Milling\7000\7000-5\20260728141710808.jpg,End_Milling,7000.0,7000-5,1.662,88cd360cc5fabad76991a99cae86c93f,train
C:\Users\user\Desktop\5000 - BETTER\data\End_Milling\7000\7000-5\20260728141716662.jpg,End_Milling,7000.0,7000-5,1.662,3ae2898996f06c741122ac971dd8e093,train
C:\Users\user\Desktop\5000 - BETTER\data\End_Milling\7000\7000-5\20260728141724569.jpg,End_Milling,7000.0,7000-5,1.662,e2822221ebbdc20ddbb315ad1ade64c0,val
C:\Users\user\Desktop\5000 - BETTER\data\End_Milling\7000\7000-5\20260728141730012.jpg,End_Milling,7000.0,7000-5,1.662,0a06c512dcda1ee0ac126f848f5836b2,train
C:\Users\user\Desktop\5000 - BETTER\data\End_Milling\7000\7000-5\20260728141736773.jpg,End_Milling,7000.0,7000-5,1.662,6457ba9d3d35736134e88050f47ef9eb,train
C:\Users\user\Desktop\5000 - BETTER\data\End_Milling\7000\7000-5\20260728141748691.jpg,End_Milling,7000.0,7000-5,1.662,9f93cc0beb927f91214ce4f4c9a7c5f0,train
C:\Users\user\Desktop\5000 - BETTER\data\End_Milling\7000\7000-5\20260728141812397.jpg,End_Milling,7000.0,7000-5,1.662,bd8a0d9b9ccd3bb7e9c58f12eccf3335,train
C:\Users\user\Desktop\5000 - BETTER\data\End_Milling\7000\7000-5\20260728141821734.jpg,End_Milling,7000.0,7000-5,1.662,1823ad4a3bdc1a61739f59c6fb7e9370,train
C:\Users\user\Desktop\5000 - BETTER\data\End_Milling\7000\7000-5\20260728141824458.jpg,End_Milling,7000.0,7000-5,1.662,1856f0ec9d0f1e71eb159281caf849d4,train
C:\Users\user\Desktop\5000 - BETTER\data\End_Milling\7000\7000-5\20260728141826190.jpg,End_Milling,7000.0,7000-5,1.662,44412e2ae65f721f61d96049d4f390cc,train
C:\Users\user\Desktop\5000 - BETTER\data\End_Milling\7000\7000-5\20260728141830408.jpg,End_Milling,7000.0,7000-5,1.662,e82bbae03d2ddfe04696de9162d828a3,train
C:\Users\user\Desktop\5000 - BETTER\data\End_Milling\7000\7000-5\20260728141835363.jpg,End_Milling,7000.0,7000-5,1.662,460a1e1bd771298e5ed48ba9e8a17da2,val
C:\Users\user\Desktop\5000 - BETTER\data\End_Milling\7000\7000-5\20260728141838730.jpg,End_Milling,7000.0,7000-5,1.662,4613a806b29862d87d19eaccd510a752,train
C:\Users\user\Desktop\5000 - BETTER\data\End_Milling\7000\7000-5\20260728141842422.jpg,End_Milling,7000.0,7000-5,1.662,ac23d62210b260997440a5f18154d82c,val
C:\Users\user\Desktop\5000 - BETTER\data\End_Milling\7000\7000-6\20260909114618166.jpg,End_Milling,7000.0,7000-6,2.0548,01ced02745f85ecb06c2607e38258632,train
C:\Users\user\Desktop\5000 - BETTER\data\End_Milling\7000\7000-6\20260909114631080.jpg,End_Milling,7000.0,7000-6,2.0548,5e48e897b7040c4750944cee45726967,train
C:\Users\user\Desktop\5000 - BETTER\data\End_Milling\7000\7000-6\20260909114634495.jpg,End_Milling,7000.0,7000-6,2.0548,6b9dbc0c339ea21a4af2fe1c122c422d,train
C:\Users\user\Desktop\5000 - BETTER\data\End_Milling\7000\7000-6\20260909114638498.jpg,End_Milling,7000.0,7000-6,2.0548,915b822e9d36837205b51c4527589edf,train
C:\Users\user\Desktop\5000 - BETTER\data\End_Milling\7000\7000-6\20260909114644296.jpg,End_Milling,7000.0,7000-6,2.0548,3cd2157300fc99aa679b9feb4d4f77c1,train
C:\Users\user\Desktop\5000 - BETTER\data\End_Milling\7000\7000-6\20260909114700344.jpg,End_Milling,7000.0,7000-6,2.0548,ba17098b6caa947e69e1283b2b22dabf,train
C:\Users\user\Desktop\5000 - BETTER\data\End_Milling\7000\7000-6\20260909114707023.jpg,End_Milling,7000.0,7000-6,2.0548,b11c7ba47d6ecf8683047aac9c7c49fb,val
C:\Users\user\Desktop\5000 - BETTER\data\End_Milling\7000\7000-6\20260909114709834.jpg,End_Milling,7000.0,7000-6,2.0548,9bd146901661ddc3b5b32cc9ff623a8f,val
C:\Users\user\Desktop\5000 - BETTER\data\End_Milling\7000\7000-6\20260909114712592.jpg,End_Milling,7000.0,7000-6,2.0548,82702af35e80f0f0ab9d243ffa4a49e7,train
C:\Users\user\Desktop\5000 - BETTER\data\End_Milling\7000\7000-6\20260909114715672.jpg,End_Milling,7000.0,7000-6,2.0548,33b1eec454140157985bf1ddf349a7e0,train
C:\Users\user\Desktop\5000 - BETTER\data\End_Milling\7000\7000-6\20260909114718029.jpg,End_Milling,7000.0,7000-6,2.0548,93a57d30e3f0008874e5fa82f42e5d4d,train
C:\Users\user\Desktop\5000 - BETTER\data\End_Milling\7000\7000-6\20260909114720603.jpg,End_Milling,7000.0,7000-6,2.0548,631bb22b12c5075dd4cc6b0c8a687ed2,val
C:\Users\user\Desktop\5000 - BETTER\data\End_Milling\7000\7000-6\20260909114722870.jpg,End_Milling,7000.0,7000-6,2.0548,7988ac505118547b6ecc6175b58d8c36,train
C:\Users\user\Desktop\5000 - BETTER\data\End_Milling\7000\7000-6\20260909114726696.jpg,End_Milling,7000.0,7000-6,2.0548,ca5645edd29d3b92935a559355bc5405,train
C:\Users\user\Desktop\5000 - BETTER\data\End_Milling\7000\7000-6\20260909114729301.jpg,End_Milling,7000.0,7000-6,2.0548,9949fbcbcbd2cc687f4ece71485d273f,train
C:\Users\user\Desktop\5000 - BETTER\data\End_Milling\7000\7000-6\20260909114731659.jpg,End_Milling,7000.0,7000-6,2.0548,dabad62f4481ebf8ac3d48f8b7e5436e,train
C:\Users\user\Desktop\5000 - BETTER\data\End_Milling\7000\7000-6\20260909114734304.jpg,End_Milling,7000.0,7000-6,2.0548,b8531b51dca36948cde58bfcc9847057,train
C:\Users\user\Desktop\5000 - BETTER\data\End_Milling\7000\7000-6\20260909114741242.jpg,End_Milling,7000.0,7000-6,2.0548,c14a56b562241a116488638879d74441,train
C:\Users\user\Desktop\5000 - BETTER\data\End_Milling\7000\7000-6\20260909114743982.jpg,End_Milling,7000.0,7000-6,2.0548,af83dd97bc46a1441e8ae74374901907,train
C:\Users\user\Desktop\5000 - BETTER\data\End_Milling\7000\7000-6\20260909114746378.jpg,End_Milling,7000.0,7000-6,2.0548,b9cd2beaa4c42d6344c1a213089aad76,val
C:\Users\user\Desktop\5000 - BETTER\data\End_Milling\7000\7000-6\20260909114748430.jpg,End_Milling,7000.0,7000-6,2.0548,38466a25407b55f2c8f2df65a52e7115,train
C:\Users\user\Desktop\5000 - BETTER\data\End_Milling\7000\7000-6\20260909114750691.jpg,End_Milling,7000.0,7000-6,2.0548,7e23e35215c337f982ac175f82987f86,train
C:\Users\user\Desktop\5000 - BETTER\data\End_Milling\7000\7000-6\20260909114752926.jpg,End_Milling,7000.0,7000-6,2.0548,f3608791f2d35d0814b4765947fbac9f,train
C:\Users\user\Desktop\5000 - BETTER\data\End_Milling\7000\7000-6\20260909114756886.jpg,End_Milling,7000.0,7000-6,2.0548,d88dcf0c33ebda618ce02e04dd476742,val
C:\Users\user\Desktop\5000 - BETTER\data\End_Milling\7000\7000-6\20260909114800364.jpg,End_Milling,7000.0,7000-6,2.0548,60f55502046477fbd61b1798e68f6764,train
C:\Users\user\Desktop\5000 - BETTER\data\End_Milling\7000\7000-7\20260909121338975.jpg,End_Milling,7000.0,7000-7,1.4974,b3e03b851498d13a5970e05bd0e6092d,train
C:\Users\user\Desktop\5000 - BETTER\data\End_Milling\7000\7000-7\20260909121344023.jpg,End_Milling,7000.0,7000-7,1.4974,d44d61c5675fcf474f39634c27334476,val
C:\Users\user\Desktop\5000 - BETTER\data\End_Milling\7000\7000-7\20260909121348271.jpg,End_Milling,7000.0,7000-7,1.4974,09136fbde0e99930f66a448e037445ed,train
C:\Users\user\Desktop\5000 - BETTER\data\End_Milling\7000\7000-7\20260909121352318.jpg,End_Milling,7000.0,7000-7,1.4974,2d1689baa33c44fec9f5d73cd90fed09,train
C:\Users\user\Desktop\5000 - BETTER\data\End_Milling\7000\7000-7\20260909121358713.jpg,End_Milling,7000.0,7000-7,1.4974,e3f832296bbfde386e03ea6a5f06b537,train
C:\Users\user\Desktop\5000 - BETTER\data\End_Milling\7000\7000-7\20260909121405243.jpg,End_Milling,7000.0,7000-7,1.4974,486828cc0ac454616232b97b2009b7e3,val
C:\Users\user\Desktop\5000 - BETTER\data\End_Milling\7000\7000-7\20260909121408583.jpg,End_Milling,7000.0,7000-7,1.4974,9ddaf193801e9dbc1229e9c349d2c8d7,val
C:\Users\user\Desktop\5000 - BETTER\data\End_Milling\7000\7000-7\20260909121412109.jpg,End_Milling,7000.0,7000-7,1.4974,c6254ea2010c87002862a9cb42920863,train
C:\Users\user\Desktop\5000 - BETTER\data\End_Milling\7000\7000-7\20260909121414937.jpg,End_Milling,7000.0,7000-7,1.4974,b4ac25448b4dde980d25364d1840b92c,train
C:\Users\user\Desktop\5000 - BETTER\data\End_Milling\7000\7000-7\20260909121418174.jpg,End_Milling,7000.0,7000-7,1.4974,d603250373c07af0c735bcd8e7d9a632,train
C:\Users\user\Desktop\5000 - BETTER\data\End_Milling\7000\7000-7\20260909121420761.jpg,End_Milling,7000.0,7000-7,1.4974,63adf5eb6ceebb25d946e0c279dc1e7a,val
C:\Users\user\Desktop\5000 - BETTER\data\End_Milling\7000\7000-7\20260909121423840.jpg,End_Milling,7000.0,7000-7,1.4974,126f88f27958319ccd0706cf5a2f531b,train
C:\Users\user\Desktop\5000 - BETTER\data\End_Milling\7000\7000-7\20260909121427291.jpg,End_Milling,7000.0,7000-7,1.4974,1d7c4d5a568b12bfdee25aa9b17596f8,train
C:\Users\user\Desktop\5000 - BETTER\data\End_Milling\7000\7000-7\20260909121430319.jpg,End_Milling,7000.0,7000-7,1.4974,2c85cb33245e4705ba7fc4a783368524,train
C:\Users\user\Desktop\5000 - BETTER\data\End_Milling\7000\7000-7\20260909121433067.jpg,End_Milling,7000.0,7000-7,1.4974,ce843a29b9c2825622f5c4660f28fb83,train
C:\Users\user\Desktop\5000 - BETTER\data\End_Milling\7000\7000-7\20260909121435921.jpg,End_Milling,7000.0,7000-7,1.4974,356b6afc006e39f17834963c85ef5528,train
C:\Users\user\Desktop\5000 - BETTER\data\End_Milling\7000\7000-7\20260909121438715.jpg,End_Milling,7000.0,7000-7,1.4974,902daab32999095ff2fc4d97eaabcb1b,train
C:\Users\user\Desktop\5000 - BETTER\data\End_Milling\7000\7000-7\20260909121441511.jpg,End_Milling,7000.0,7000-7,1.4974,fd64e028aa74854e87ecf18f24d25563,train
C:\Users\user\Desktop\5000 - BETTER\data\End_Milling\7000\7000-7\20260909121445439.jpg,End_Milling,7000.0,7000-7,1.4974,c84c055e5cdaa29178b401d9e0bb68f0,train
C:\Users\user\Desktop\5000 - BETTER\data\End_Milling\7000\7000-8\20260909123537479.jpg,End_Milling,7000.0,7000-8,1.7248,02592e7e3b8b5f5f75afd8ae70d2443d,train
C:\Users\user\Desktop\5000 - BETTER\data\End_Milling\7000\7000-8\20260909123543115.jpg,End_Milling,7000.0,7000-8,1.7248,e6e809874dc49225e0deb17b34c75ed7,train
C:\Users\user\Desktop\5000 - BETTER\data\End_Milling\7000\7000-8\20260909123550327.jpg,End_Milling,7000.0,7000-8,1.7248,c77c37f4656c2efc5559da25876611b1,train
C:\Users\user\Desktop\5000 - BETTER\data\End_Milling\7000\7000-8\20260909123556659.jpg,End_Milling,7000.0,7000-8,1.7248,3420973e357687286ea941b1864144dc,val
C:\Users\user\Desktop\5000 - BETTER\data\End_Milling\7000\7000-8\20260909123605565.jpg,End_Milling,7000.0,7000-8,1.7248,51eccf67b54af67ab04e4ffe1c93b694,train
C:\Users\user\Desktop\5000 - BETTER\data\End_Milling\7000\7000-8\20260909123615393.jpg,End_Milling,7000.0,7000-8,1.7248,775a01644d31ec07904bf2e0b615d91a,train
C:\Users\user\Desktop\5000 - BETTER\data\End_Milling\7000\7000-8\20260909123624068.jpg,End_Milling,7000.0,7000-8,1.7248,e2ace862e1dea9788349a10dc9920604,train
C:\Users\user\Desktop\5000 - BETTER\data\End_Milling\7000\7000-8\20260909123629101.jpg,End_Milling,7000.0,7000-8,1.7248,a53d822d97302e301c5957122bdb0402,train
C:\Users\user\Desktop\5000 - BETTER\data\End_Milling\7000\7000-8\20260909123734185.jpg,End_Milling,7000.0,7000-8,1.7248,5d9db1d154bf377e77dc5b3f84491546,train
C:\Users\user\Desktop\5000 - BETTER\data\End_Milling\7000\7000-8\20260909123744351.jpg,End_Milling,7000.0,7000-8,1.7248,8ed72580d52753116c0466ebc5763cdf,val
C:\Users\user\Desktop\5000 - BETTER\data\End_Milling\7000\7000-8\20260909123758754.jpg,End_Milling,7000.0,7000-8,1.7248,26ae370e270dc0bef65fcbed0d1290c2,train
C:\Users\user\Desktop\5000 - BETTER\data\End_Milling\7000\7000-8\20260909123844747.jpg,End_Milling,7000.0,7000-8,1.7248,405efc8a561b3e0feee88c79a65db1c6,train
C:\Users\user\Desktop\5000 - BETTER\data\End_Milling\7000\7000-9\20260909140303333.jpg,End_Milling,7000.0,7000-9,1.5922,4c2e4b3ddd0eddc2fa40e044020c338f,train
C:\Users\user\Desktop\5000 - BETTER\data\End_Milling\7000\7000-9\20260909140310646.jpg,End_Milling,7000.0,7000-9,1.5922,d5c78b0da3931fe765cbeb85ca7e305d,val
C:\Users\user\Desktop\5000 - BETTER\data\End_Milling\7000\7000-9\20260909140319962.jpg,End_Milling,7000.0,7000-9,1.5922,d2c9cdae6361a9d8ec9596b99f53b849,train
C:\Users\user\Desktop\5000 - BETTER\data\End_Milling\7000\7000-9\20260909140328913.jpg,End_Milling,7000.0,7000-9,1.5922,0deafcf589f09ba828e393d7be85398c,train
C:\Users\user\Desktop\5000 - BETTER\data\End_Milling\7000\7000-9\20260909140338269.jpg,End_Milling,7000.0,7000-9,1.5922,06035cca774aedf4a02b77a0f3b3eedc,val
C:\Users\user\Desktop\5000 - BETTER\data\End_Milling\7000\7000-9\20260909140345540.jpg,End_Milling,7000.0,7000-9,1.5922,6120eda4cc2ec731aab22d98cca83694,val
C:\Users\user\Desktop\5000 - BETTER\data\End_Milling\7000\7000-9\20260909140513789.jpg,End_Milling,7000.0,7000-9,1.5922,fba3e4536fafd995d71537e9b2440ec9,train
C:\Users\user\Desktop\5000 - BETTER\data\End_Milling\7000\7000-9\20260909140523065.jpg,End_Milling,7000.0,7000-9,1.5922,cc48e7491726454bf0a9cb4be94b83ae,train
C:\Users\user\Desktop\5000 - BETTER\data\End_Milling\7000\7000-9\20260909140530663.jpg,End_Milling,7000.0,7000-9,1.5922,f8f33daf54e5cced658e7ea60594ff62,train
C:\Users\user\Desktop\5000 - BETTER\data\End_Milling\7000\7000-9\20260909140537887.jpg,End_Milling,7000.0,7000-9,1.5922,648f5b4dbc5f252e1678063c814d2d1c,train
C:\Users\user\Desktop\5000 - BETTER\data\End_Milling\7000\7000-9\20260909140544509.jpg,End_Milling,7000.0,7000-9,1.5922,2668352405b906a02605fcb43f3e36b3,train
C:\Users\user\Desktop\5000 - BETTER\data\End_Milling\7000\7000-9\20260909140554793.jpg,End_Milling,7000.0,7000-9,1.5922,e07eee65f616a53df7b751a04dea9ab7,train
C:\Users\user\Desktop\5000 - BETTER\data\End_Milling\7000\7000-9\20260909140603718.jpg,End_Milling,7000.0,7000-9,1.5922,c532af83d815187ce334ad6a42e5b42f,train
C:\Users\user\Desktop\5000 - BETTER\data\End_Milling\7000\7000-9\20260909140611461.jpg,End_Milling,7000.0,7000-9,1.5922,dcab93a2741b7446be8f72ead514839c,train
C:\Users\user\Desktop\5000 - BETTER\data\End_Milling\7000\7000-9\20260909140622059.jpg,End_Milling,7000.0,7000-9,1.5922,6703fdead4da8329df89502692533c18,train
C:\Users\user\Desktop\5000 - BETTER\data\End_Milling\7000\7000-9\20260909140741455.jpg,End_Milling,7000.0,7000-9,1.5922,7505b2820675c03daa962701886a38d3,train
C:\Users\user\Desktop\5000 - BETTER\data\End_Milling\7000\7000-9\20260909140748928.jpg,End_Milling,7000.0,7000-9,1.5922,2c5d560406f18f8ca2d0a3ca95ca3e8f,train
C:\Users\user\Desktop\5000 - BETTER\data\End_Milling\7000\7000-9\20260909140756001.jpg,End_Milling,7000.0,7000-9,1.5922,8429098dbe7785a766e036b909067152,val
C:\Users\user\Desktop\5000 - BETTER\data\End_Milling\9000\9000-1\20260910114315120.jpg,End_Milling,9000.0,9000-1,0.9436,20e84a4cb377d3ac26730730d679a4d8,train
C:\Users\user\Desktop\5000 - BETTER\data\End_Milling\9000\9000-1\20260910114325885.jpg,End_Milling,9000.0,9000-1,0.9436,1053a898e54db87d5e46dfa89dce557b,val
C:\Users\user\Desktop\5000 - BETTER\data\End_Milling\9000\9000-1\20260910114338217.jpg,End_Milling,9000.0,9000-1,0.9436,e82366882e48144e8422f99088d4be81,train
C:\Users\user\Desktop\5000 - BETTER\data\End_Milling\9000\9000-1\20260910114347927.jpg,End_Milling,9000.0,9000-1,0.9436,11bfba57bde2346bfad0478a0625b5f0,train
C:\Users\user\Desktop\5000 - BETTER\data\End_Milling\9000\9000-1\20260910114355919.jpg,End_Milling,9000.0,9000-1,0.9436,3f9c341ecfc0a3bebd22e2b344fc1878,train
C:\Users\user\Desktop\5000 - BETTER\data\End_Milling\9000\9000-1\20260910114404026.jpg,End_Milling,9000.0,9000-1,0.9436,06c96116ad0bbd1cbd54909bf35fdb50,train
C:\Users\user\Desktop\5000 - BETTER\data\End_Milling\9000\9000-1\20260910114414183.jpg,End_Milling,9000.0,9000-1,0.9436,253634dbc3fd58ebbc2b884ac748e104,train
C:\Users\user\Desktop\5000 - BETTER\data\End_Milling\9000\9000-1\20260910114422995.jpg,End_Milling,9000.0,9000-1,0.9436,b87a87ff5f743ab045f19b2de71caa10,val
C:\Users\user\Desktop\5000 - BETTER\data\End_Milling\9000\9000-1\20260910114435742.jpg,End_Milling,9000.0,9000-1,0.9436,2e8aa0207c02b5ae2df813c190e684a6,train
C:\Users\user\Desktop\5000 - BETTER\data\End_Milling\9000\9000-1\20260910114443589.jpg,End_Milling,9000.0,9000-1,0.9436,4b9194cf0fe426d174a3ec53e6eaa791,train
C:\Users\user\Desktop\5000 - BETTER\data\End_Milling\9000\9000-1\20260910114452871.jpg,End_Milling,9000.0,9000-1,0.9436,76e31a056323ea5cd7cd054c5e74b35e,train
C:\Users\user\Desktop\5000 - BETTER\data\End_Milling\9000\9000-1\20260910114502213.jpg,End_Milling,9000.0,9000-1,0.9436,d148e61c172dcea67d1b507ed5e9f91a,val
C:\Users\user\Desktop\5000 - BETTER\data\End_Milling\9000\9000-1\20260910114512107.jpg,End_Milling,9000.0,9000-1,0.9436,f9b75f5736823a1cd6fd7a95d9b7d67d,train
C:\Users\user\Desktop\5000 - BETTER\data\End_Milling\9000\9000-1\20260910114518137.jpg,End_Milling,9000.0,9000-1,0.9436,a316b8a3b3f248c184bf6cd9a3ea21f1,val
C:\Users\user\Desktop\5000 - BETTER\data\End_Milling\9000\9000-1\20260910114529811.jpg,End_Milling,9000.0,9000-1,0.9436,a6a0cea48005a68cecde191b77e7a91c,train
C:\Users\user\Desktop\5000 - BETTER\data\End_Milling\9000\9000-1\20260910114536440.jpg,End_Milling,9000.0,9000-1,0.9436,b98a2078b34a77dc6221e6e0816c4b89,train
C:\Users\user\Desktop\5000 - BETTER\data\End_Milling\9000\9000-1\20260910114543009.jpg,End_Milling,9000.0,9000-1,0.9436,e5a8491d22b6935a30ec9c1a3eb10ae2,train
C:\Users\user\Desktop\5000 - BETTER\data\End_Milling\9000\9000-1\20260910151326413.jpg,End_Milling,9000.0,9000-1,0.9436,6088b3324537398a0681cb1e3e5231a3,train
C:\Users\user\Desktop\5000 - BETTER\data\End_Milling\9000\9000-10\20260910160255437.jpg,End_Milling,9000.0,9000-10,1.0256,2f5ac4112e075a17ff11c34a1b56fe1f,train
C:\Users\user\Desktop\5000 - BETTER\data\End_Milling\9000\9000-10\20260910160259029.jpg,End_Milling,9000.0,9000-10,1.0256,7ad9d6beda1a9a0d9913f113d232268d,train
C:\Users\user\Desktop\5000 - BETTER\data\End_Milling\9000\9000-10\20260910160301461.jpg,End_Milling,9000.0,9000-10,1.0256,10827c56c4fc64bb625a9786e88981cb,train
C:\Users\user\Desktop\5000 - BETTER\data\End_Milling\9000\9000-10\20260910160303358.jpg,End_Milling,9000.0,9000-10,1.0256,b8c680f7612a76943b6abe5cb73453f2,train
C:\Users\user\Desktop\5000 - BETTER\data\End_Milling\9000\9000-10\20260910160305342.jpg,End_Milling,9000.0,9000-10,1.0256,7dd640a87fd673900d92e5ae545c17e9,train
C:\Users\user\Desktop\5000 - BETTER\data\End_Milling\9000\9000-10\20260910160308501.jpg,End_Milling,9000.0,9000-10,1.0256,62881521d40b71989a211b58c6c68edd,train
C:\Users\user\Desktop\5000 - BETTER\data\End_Milling\9000\9000-10\20260910160311590.jpg,End_Milling,9000.0,9000-10,1.0256,af592c7f650278e6e0acf9ab670d9d0f,val
C:\Users\user\Desktop\5000 - BETTER\data\End_Milling\9000\9000-10\20260910160315375.jpg,End_Milling,9000.0,9000-10,1.0256,ba1b5f7068e46ebd6f2922997204ccce,train
C:\Users\user\Desktop\5000 - BETTER\data\End_Milling\9000\9000-10\20260910160317630.jpg,End_Milling,9000.0,9000-10,1.0256,1643ca6b4d62d9e58d99338a1a848970,train
C:\Users\user\Desktop\5000 - BETTER\data\End_Milling\9000\9000-10\20260910160319566.jpg,End_Milling,9000.0,9000-10,1.0256,061bbb95ec0daeea78bf386da3797c05,val
C:\Users\user\Desktop\5000 - BETTER\data\End_Milling\9000\9000-10\20260910160322024.jpg,End_Milling,9000.0,9000-10,1.0256,061ae70dc8a1c4e9ba2bdab1d9f0f62a,train
C:\Users\user\Desktop\5000 - BETTER\data\End_Milling\9000\9000-10\20260910160324431.jpg,End_Milling,9000.0,9000-10,1.0256,90f3352804a0bded373eda011405a823,train
C:\Users\user\Desktop\5000 - BETTER\data\End_Milling\9000\9000-10\20260910160326342.jpg,End_Milling,9000.0,9000-10,1.0256,0180766a726482add6cec024b5d0ef4c,val
C:\Users\user\Desktop\5000 - BETTER\data\End_Milling\9000\9000-10\20260910160328085.jpg,End_Milling,9000.0,9000-10,1.0256,3e56ef461154f343ed9e718b99fc2e41,train
C:\Users\user\Desktop\5000 - BETTER\data\End_Milling\9000\9000-11\20260817163142627.jpg,End_Milling,9000.0,9000-11,0.3328,91708751ab001881243d07e7404fad3b,train
C:\Users\user\Desktop\5000 - BETTER\data\End_Milling\9000\9000-11\20260817163150104.jpg,End_Milling,9000.0,9000-11,0.3328,94e6386d350e4044f95fbe6ced199405,val
C:\Users\user\Desktop\5000 - BETTER\data\End_Milling\9000\9000-11\20260817163154951.jpg,End_Milling,9000.0,9000-11,0.3328,58cc1494dafe2e044b28ebf3f5acf020,train
C:\Users\user\Desktop\5000 - BETTER\data\End_Milling\9000\9000-11\20260817163158685.jpg,End_Milling,9000.0,9000-11,0.3328,4f761eee7a05a4347a5691a398f496ba,val
C:\Users\user\Desktop\5000 - BETTER\data\End_Milling\9000\9000-11\20260817163202443.jpg,End_Milling,9000.0,9000-11,0.3328,b9b3f398961f9015666ba4ae748bc476,train
C:\Users\user\Desktop\5000 - BETTER\data\End_Milling\9000\9000-11\20260817163205779.jpg,End_Milling,9000.0,9000-11,0.3328,19bb8e231b077697c09de65a302cf844,train
C:\Users\user\Desktop\5000 - BETTER\data\End_Milling\9000\9000-11\20260817163208944.jpg,End_Milling,9000.0,9000-11,0.3328,62722242aa90548e0b511a7cf15ce3f4,train
C:\Users\user\Desktop\5000 - BETTER\data\End_Milling\9000\9000-11\20260817163211638.jpg,End_Milling,9000.0,9000-11,0.3328,5b889303dfcdd1beef3b182b6b4d0a40,train
C:\Users\user\Desktop\5000 - BETTER\data\End_Milling\9000\9000-11\20260817163215292.jpg,End_Milling,9000.0,9000-11,0.3328,5d4850ec761bcaf961dd8388c57f93d3,val
C:\Users\user\Desktop\5000 - BETTER\data\End_Milling\9000\9000-11\20260817163226550.jpg,End_Milling,9000.0,9000-11,0.3328,e5984610219cde9e84d786c57c8f237f,train
C:\Users\user\Desktop\5000 - BETTER\data\End_Milling\9000\9000-11\20260817163229706.jpg,End_Milling,9000.0,9000-11,0.3328,9440c7f3b31bdb6c1a3087f29c1ba677,train
C:\Users\user\Desktop\5000 - BETTER\data\End_Milling\9000\9000-11\20260817163232913.jpg,End_Milling,9000.0,9000-11,0.3328,e894861ec6ebb6019c5154facbc9c3ee,train
C:\Users\user\Desktop\5000 - BETTER\data\End_Milling\9000\9000-11\20260817163236421.jpg,End_Milling,9000.0,9000-11,0.3328,70b51643c7bdbc31abfa0bb8db03ac27,train
C:\Users\user\Desktop\5000 - BETTER\data\End_Milling\9000\9000-11\20260817163239627.jpg,End_Milling,9000.0,9000-11,0.3328,0504ecebe3d5e05a5449e6dee6a7a79c,train
C:\Users\user\Desktop\5000 - BETTER\data\End_Milling\9000\9000-11\20260817163242962.jpg,End_Milling,9000.0,9000-11,0.3328,077e24bde86e2372f9e6b203813935d4,train
C:\Users\user\Desktop\5000 - BETTER\data\End_Milling\9000\9000-11\20260817163246501.jpg,End_Milling,9000.0,9000-11,0.3328,9f280b4db6e607c9b3646d2893f66444,val
C:\Users\user\Desktop\5000 - BETTER\data\End_Milling\9000\9000-11\20260817163250190.jpg,End_Milling,9000.0,9000-11,0.3328,f84cef377432bd550856259b597c4cc4,train
C:\Users\user\Desktop\5000 - BETTER\data\End_Milling\9000\9000-11\20260817163256327.jpg,End_Milling,9000.0,9000-11,0.3328,591a3d974caa1d7c0f66ce07319f9f82,train
C:\Users\user\Desktop\5000 - BETTER\data\End_Milling\9000\9000-11\20260817163300275.jpg,End_Milling,9000.0,9000-11,0.3328,f32040c1fbf5793e523db37049629d5c,train
C:\Users\user\Desktop\5000 - BETTER\data\End_Milling\9000\9000-11\20260817163304073.jpg,End_Milling,9000.0,9000-11,0.3328,20db9bf593142b76a6f03c2462dc7157,train
C:\Users\user\Desktop\5000 - BETTER\data\End_Milling\9000\9000-11\20260817163306973.jpg,End_Milling,9000.0,9000-11,0.3328,c3536f11335847612e89be98d7bcc210,train
C:\Users\user\Desktop\5000 - BETTER\data\End_Milling\9000\9000-11\20260817163313015.jpg,End_Milling,9000.0,9000-11,0.3328,4a2e4c494a2f21166c2ea7fb9ca17323,train
C:\Users\user\Desktop\5000 - BETTER\data\End_Milling\9000\9000-12\20260821151244716.jpg,End_Milling,9000.0,9000-12,0.43,6f8ce6d370a9f04c603fbf589f9048fc,val
C:\Users\user\Desktop\5000 - BETTER\data\End_Milling\9000\9000-12\20260821151251518.jpg,End_Milling,9000.0,9000-12,0.43,b1cb07f6b65ad91279958ed4079144f6,train
C:\Users\user\Desktop\5000 - BETTER\data\End_Milling\9000\9000-12\20260821151255736.jpg,End_Milling,9000.0,9000-12,0.43,d7c759b097b2becd7f69b96025457f86,val
C:\Users\user\Desktop\5000 - BETTER\data\End_Milling\9000\9000-12\20260821151301220.jpg,End_Milling,9000.0,9000-12,0.43,ec0a2f3d18eb4cf319b5255327a68a54,train
C:\Users\user\Desktop\5000 - BETTER\data\End_Milling\9000\9000-12\20260821151307284.jpg,End_Milling,9000.0,9000-12,0.43,2513c89d73338cd2df10fa3dd32734d6,train
C:\Users\user\Desktop\5000 - BETTER\data\End_Milling\9000\9000-12\20260821151314992.jpg,End_Milling,9000.0,9000-12,0.43,6d1dbc41b05c511d1d75638d8a19872e,train
C:\Users\user\Desktop\5000 - BETTER\data\End_Milling\9000\9000-12\20260821151323353.jpg,End_Milling,9000.0,9000-12,0.43,1acb2cd41fd553e6503cdddd40b0f7ef,train
C:\Users\user\Desktop\5000 - BETTER\data\End_Milling\9000\9000-12\20260821151330182.jpg,End_Milling,9000.0,9000-12,0.43,5c3a5c1d286c0419c63d2b6e16d9e3db,train
C:\Users\user\Desktop\5000 - BETTER\data\End_Milling\9000\9000-12\20260821151339562.jpg,End_Milling,9000.0,9000-12,0.43,6d94cb09b9128ee188d46fdf687fbf8b,train
C:\Users\user\Desktop\5000 - BETTER\data\End_Milling\9000\9000-12\20260821151346929.jpg,End_Milling,9000.0,9000-12,0.43,c2df0408c5e47741b9107bd4067df64f,train
C:\Users\user\Desktop\5000 - BETTER\data\End_Milling\9000\9000-12\20260821151356910.jpg,End_Milling,9000.0,9000-12,0.43,bc2946e709bb29c728a1146afe8b0aec,train
C:\Users\user\Desktop\5000 - BETTER\data\End_Milling\9000\9000-12\20260821151406850.jpg,End_Milling,9000.0,9000-12,0.43,68a4236284b711c0fe86a294acb1f26a,train
C:\Users\user\Desktop\5000 - BETTER\data\End_Milling\9000\9000-12\20260821151414680.jpg,End_Milling,9000.0,9000-12,0.43,d5ad672e2c190bd5c1c0e5dfb00ff98f,train
C:\Users\user\Desktop\5000 - BETTER\data\End_Milling\9000\9000-12\20260821151422897.jpg,End_Milling,9000.0,9000-12,0.43,180ef6997eab9f4522ddc3f23cad17f2,train
C:\Users\user\Desktop\5000 - BETTER\data\End_Milling\9000\9000-12\20260821151430222.jpg,End_Milling,9000.0,9000-12,0.43,c07793b3c1cca3c7b9194431ade133a7,val
C:\Users\user\Desktop\5000 - BETTER\data\End_Milling\9000\9000-12\20260821151500591.jpg,End_Milling,9000.0,9000-12,0.43,3e7b65175add3e07fa0890af801b2e5f,train
C:\Users\user\Desktop\5000 - BETTER\data\End_Milling\9000\9000-2\20260910132754716.jpg,End_Milling,9000.0,9000-2,1.1242,eb204a93e264cc1a91ab6769d99936cd,train
C:\Users\user\Desktop\5000 - BETTER\data\End_Milling\9000\9000-2\20260910132758395.jpg,End_Milling,9000.0,9000-2,1.1242,b63b5874c02d63b06ed899cc79bcc20b,train
C:\Users\user\Desktop\5000 - BETTER\data\End_Milling\9000\9000-2\20260910132806542.jpg,End_Milling,9000.0,9000-2,1.1242,0c89622e1436d250023bfef30a45f2d7,train
C:\Users\user\Desktop\5000 - BETTER\data\End_Milling\9000\9000-2\20260910132808770.jpg,End_Milling,9000.0,9000-2,1.1242,8f9330a9315fe11f8c3d282c233624ab,train
C:\Users\user\Desktop\5000 - BETTER\data\End_Milling\9000\9000-2\20260910132826227.jpg,End_Milling,9000.0,9000-2,1.1242,2bfc6352b0157060882c8b453f3001dd,train
C:\Users\user\Desktop\5000 - BETTER\data\End_Milling\9000\9000-2\20260910132828384.jpg,End_Milling,9000.0,9000-2,1.1242,74e8433f7a147de5ea61213c8bafcb0c,train
C:\Users\user\Desktop\5000 - BETTER\data\End_Milling\9000\9000-2\20260910132833017.jpg,End_Milling,9000.0,9000-2,1.1242,9a991546655b0e7dde9a815abeb3613b,val
C:\Users\user\Desktop\5000 - BETTER\data\End_Milling\9000\9000-2\20260910132835904.jpg,End_Milling,9000.0,9000-2,1.1242,6f2c260f6953f3b0dfa5c0671ed99fbf,train
C:\Users\user\Desktop\5000 - BETTER\data\End_Milling\9000\9000-2\20260910132837577.jpg,End_Milling,9000.0,9000-2,1.1242,27fa7622bc0bd3f4fb1526cccfa376ec,train
C:\Users\user\Desktop\5000 - BETTER\data\End_Milling\9000\9000-2\20260910132856450.jpg,End_Milling,9000.0,9000-2,1.1242,7dc2b35f6953574ec9ca492748dd17a1,train
C:\Users\user\Desktop\5000 - BETTER\data\End_Milling\9000\9000-2\20260910132859434.jpg,End_Milling,9000.0,9000-2,1.1242,379a9bc91e3d300c4e5cd9b305ced92d,val
C:\Users\user\Desktop\5000 - BETTER\data\End_Milling\9000\9000-3\20260910134828044.jpg,End_Milling,9000.0,9000-3,1.3222,150b60745d47116e6b1b080d3bc65571,train
C:\Users\user\Desktop\5000 - BETTER\data\End_Milling\9000\9000-3\20260910134832061.jpg,End_Milling,9000.0,9000-3,1.3222,5018e516894488a64cd37ec728af073c,train
C:\Users\user\Desktop\5000 - BETTER\data\End_Milling\9000\9000-3\20260910134836807.jpg,End_Milling,9000.0,9000-3,1.3222,dd7fc6c57d1e6fb0035ae96dc36db3b8,train
C:\Users\user\Desktop\5000 - BETTER\data\End_Milling\9000\9000-3\20260910134838259.jpg,End_Milling,9000.0,9000-3,1.3222,0611ed1bb5e34a18811b1ada561e2c2b,train
C:\Users\user\Desktop\5000 - BETTER\data\End_Milling\9000\9000-3\20260910134841095.jpg,End_Milling,9000.0,9000-3,1.3222,0ce6dec31f48bd910df5284bd124a9dc,train
C:\Users\user\Desktop\5000 - BETTER\data\End_Milling\9000\9000-3\20260910134843725.jpg,End_Milling,9000.0,9000-3,1.3222,27fbe37558dbf1d078d97567bf3ab440,val
C:\Users\user\Desktop\5000 - BETTER\data\End_Milling\9000\9000-3\20260910134846225.jpg,End_Milling,9000.0,9000-3,1.3222,06826c0ec23489303ce47471b3221b61,train
C:\Users\user\Desktop\5000 - BETTER\data\End_Milling\9000\9000-3\20260910134848373.jpg,End_Milling,9000.0,9000-3,1.3222,79edb83c6fc0bb2b78fbbe56f6a1eb34,val
C:\Users\user\Desktop\5000 - BETTER\data\End_Milling\9000\9000-3\20260910134849985.jpg,End_Milling,9000.0,9000-3,1.3222,557d6c55c3231d3d9ce1139ef9a8b8ac,train
C:\Users\user\Desktop\5000 - BETTER\data\End_Milling\9000\9000-3\20260910134851467.jpg,End_Milling,9000.0,9000-3,1.3222,31a59d01bdc0cf86103d37558666671a,train
C:\Users\user\Desktop\5000 - BETTER\data\End_Milling\9000\9000-3\20260910134854450.jpg,End_Milling,9000.0,9000-3,1.3222,d9d0c61a4dc7e06c53fe60783de55d3a,val
C:\Users\user\Desktop\5000 - BETTER\data\End_Milling\9000\9000-3\20260910134856517.jpg,End_Milling,9000.0,9000-3,1.3222,24b4cbcbf5701255c44c1bc49ab84f53,train
C:\Users\user\Desktop\5000 - BETTER\data\End_Milling\9000\9000-3\20260910134859691.jpg,End_Milling,9000.0,9000-3,1.3222,f66e69689ce153a29e6ccff70a258b8b,train
C:\Users\user\Desktop\5000 - BETTER\data\End_Milling\9000\9000-3\20260910134902675.jpg,End_Milling,9000.0,9000-3,1.3222,147ca95072f9988a271a41786cd79407,train
C:\Users\user\Desktop\5000 - BETTER\data\End_Milling\9000\9000-3\20260910134905441.jpg,End_Milling,9000.0,9000-3,1.3222,0bdd7394b84af7398108b1a00ec70e0b,train
C:\Users\user\Desktop\5000 - BETTER\data\End_Milling\9000\9000-4\20260910140830293.jpg,End_Milling,9000.0,9000-4,0.8856,078bfa696eade8af8318c9f88ba0fa06,train
C:\Users\user\Desktop\5000 - BETTER\data\End_Milling\9000\9000-4\20260910140834133.jpg,End_Milling,9000.0,9000-4,0.8856,7b2dc47e5e8a4b84f154ad7cf8e31828,val
C:\Users\user\Desktop\5000 - BETTER\data\End_Milling\9000\9000-4\20260910140839819.jpg,End_Milling,9000.0,9000-4,0.8856,d49ee1412a10db5b066aeecde3df9be9,train
C:\Users\user\Desktop\5000 - BETTER\data\End_Milling\9000\9000-4\20260910140842425.jpg,End_Milling,9000.0,9000-4,0.8856,0060610cbbf58423f5e4fedc8409394c,train
C:\Users\user\Desktop\5000 - BETTER\data\End_Milling\9000\9000-4\20260910140848750.jpg,End_Milling,9000.0,9000-4,0.8856,bfcdd9e8e52bf19385cc1b03a917f0b5,train
C:\Users\user\Desktop\5000 - BETTER\data\End_Milling\9000\9000-4\20260910140852187.jpg,End_Milling,9000.0,9000-4,0.8856,83302a595719b1bb90c5dd1460038be7,train
C:\Users\user\Desktop\5000 - BETTER\data\End_Milling\9000\9000-4\20260910140854897.jpg,End_Milling,9000.0,9000-4,0.8856,4a9c46aa6de4179a89b4b3190266f0ab,train
C:\Users\user\Desktop\5000 - BETTER\data\End_Milling\9000\9000-4\20260910140856661.jpg,End_Milling,9000.0,9000-4,0.8856,c1b21f5cad562b36f75ab1187bdfc523,train
C:\Users\user\Desktop\5000 - BETTER\data\End_Milling\9000\9000-4\20260910140859169.jpg,End_Milling,9000.0,9000-4,0.8856,904481906621b94d9bb52287a1de0ff0,train
C:\Users\user\Desktop\5000 - BETTER\data\End_Milling\9000\9000-4\20260910140900883.jpg,End_Milling,9000.0,9000-4,0.8856,050de8ab610c1830c7f111b5b06450f2,train
C:\Users\user\Desktop\5000 - BETTER\data\End_Milling\9000\9000-4\20260910140902905.jpg,End_Milling,9000.0,9000-4,0.8856,0921ff75fd8f4b84912ed0eda1fc4fc2,val
C:\Users\user\Desktop\5000 - BETTER\data\End_Milling\9000\9000-4\20260910140912243.jpg,End_Milling,9000.0,9000-4,0.8856,6633b7ef03dc9f08c171da53a96c3105,train
C:\Users\user\Desktop\5000 - BETTER\data\End_Milling\9000\9000-4\20260910140916208.jpg,End_Milling,9000.0,9000-4,0.8856,da693daae9e24636dd4fddc3c1d0cd95,val
C:\Users\user\Desktop\5000 - BETTER\data\End_Milling\9000\9000-5\20260910144244367.jpg,End_Milling,9000.0,9000-5,1.0288,79b1056a0285da405bad0674ad065b6e,val
C:\Users\user\Desktop\5000 - BETTER\data\End_Milling\9000\9000-5\20260910144248873.jpg,End_Milling,9000.0,9000-5,1.0288,06f8271b89541b7546b6aa762afcfe82,train
C:\Users\user\Desktop\5000 - BETTER\data\End_Milling\9000\9000-5\20260910144251815.jpg,End_Milling,9000.0,9000-5,1.0288,20651af6c017c8c654d74e7be39a36e0,train
C:\Users\user\Desktop\5000 - BETTER\data\End_Milling\9000\9000-5\20260910144258518.jpg,End_Milling,9000.0,9000-5,1.0288,a67a1cf5269c62041ae79390c10afa02,train
C:\Users\user\Desktop\5000 - BETTER\data\End_Milling\9000\9000-5\20260910144301570.jpg,End_Milling,9000.0,9000-5,1.0288,76366f04c05de055c3df38091836726f,train
C:\Users\user\Desktop\5000 - BETTER\data\End_Milling\9000\9000-5\20260910144432901.jpg,End_Milling,9000.0,9000-5,1.0288,93acede36cad4fb814f1ce41a0b4126d,train
C:\Users\user\Desktop\5000 - BETTER\data\End_Milling\9000\9000-5\20260910144434590.jpg,End_Milling,9000.0,9000-5,1.0288,a80c7a543aa510a7e182083d34ae7626,val
C:\Users\user\Desktop\5000 - BETTER\data\End_Milling\9000\9000-5\20260910144439173.jpg,End_Milling,9000.0,9000-5,1.0288,f451fc628e82030825b0381c6f1ea0f3,val
C:\Users\user\Desktop\5000 - BETTER\data\End_Milling\9000\9000-5\20260910144440720.jpg,End_Milling,9000.0,9000-5,1.0288,3d374412585ed73d4fdcb00389ff1632,val
C:\Users\user\Desktop\5000 - BETTER\data\End_Milling\9000\9000-5\20260910144442302.jpg,End_Milling,9000.0,9000-5,1.0288,8d44b6103a192c174937fb8a80f13fa0,train
C:\Users\user\Desktop\5000 - BETTER\data\End_Milling\9000\9000-5\20260910144445374.jpg,End_Milling,9000.0,9000-5,1.0288,c3501935406f403cc79d352cc8c02c7f,train
C:\Users\user\Desktop\5000 - BETTER\data\End_Milling\9000\9000-5\20260910144447149.jpg,End_Milling,9000.0,9000-5,1.0288,65eca3318c8ecab92d3e7dc7353f7deb,train
C:\Users\user\Desktop\5000 - BETTER\data\End_Milling\9000\9000-5\20260910144448926.jpg,End_Milling,9000.0,9000-5,1.0288,fe7a0bb2926d05f0b190d6bc6f2a260c,train
C:\Users\user\Desktop\5000 - BETTER\data\End_Milling\9000\9000-5\20260910144450958.jpg,End_Milling,9000.0,9000-5,1.0288,c0db24813641886758f96bcca7f1d700,train
C:\Users\user\Desktop\5000 - BETTER\data\End_Milling\9000\9000-5\20260910144454861.jpg,End_Milling,9000.0,9000-5,1.0288,e2e984f900070c6a70782f7702374d6b,train
C:\Users\user\Desktop\5000 - BETTER\data\End_Milling\9000\9000-5\20260910144456637.jpg,End_Milling,9000.0,9000-5,1.0288,17dff894e7fd0b82c29f844a2fb1d020,train
C:\Users\user\Desktop\5000 - BETTER\data\End_Milling\9000\9000-5\20260910144504934.jpg,End_Milling,9000.0,9000-5,1.0288,57706f9afe18e1cdf46ff242de01d5f9,train
C:\Users\user\Desktop\5000 - BETTER\data\End_Milling\9000\9000-5\20260910144506877.jpg,End_Milling,9000.0,9000-5,1.0288,afbf2f787068afb33f08d3b6f92270bb,train
C:\Users\user\Desktop\5000 - BETTER\data\End_Milling\9000\9000-6\20260910150912901.jpg,End_Milling,9000.0,9000-6,1.3216,a740fe9eac5c94319cd598dda0251b07,train
C:\Users\user\Desktop\5000 - BETTER\data\End_Milling\9000\9000-6\20260910150917133.jpg,End_Milling,9000.0,9000-6,1.3216,e63f12a62fe9bd1db6cc577ef4d3607f,val
C:\Users\user\Desktop\5000 - BETTER\data\End_Milling\9000\9000-6\20260910150920325.jpg,End_Milling,9000.0,9000-6,1.3216,5774fc400f532f33d9af78b207ac820e,val
C:\Users\user\Desktop\5000 - BETTER\data\End_Milling\9000\9000-6\20260910150921861.jpg,End_Milling,9000.0,9000-6,1.3216,fe0defe00cbd0487c2e20c88240dc4b8,train
C:\Users\user\Desktop\5000 - BETTER\data\End_Milling\9000\9000-6\20260910150923461.jpg,End_Milling,9000.0,9000-6,1.3216,e4ec56655da42b46bb1b8dcd1bdc60f1,train
C:\Users\user\Desktop\5000 - BETTER\data\End_Milling\9000\9000-6\20260910150926214.jpg,End_Milling,9000.0,9000-6,1.3216,66681ad9b7373aaa337cd49c4443df2e,train
C:\Users\user\Desktop\5000 - BETTER\data\End_Milling\9000\9000-6\20260910150930038.jpg,End_Milling,9000.0,9000-6,1.3216,d8c9bf5c56b0983e73c326c3dd1122fa,val
C:\Users\user\Desktop\5000 - BETTER\data\End_Milling\9000\9000-6\20260910150932309.jpg,End_Milling,9000.0,9000-6,1.3216,1aac8054e64155cab60aa7fde4ec1ff6,train
C:\Users\user\Desktop\5000 - BETTER\data\End_Milling\9000\9000-6\20260910150935046.jpg,End_Milling,9000.0,9000-6,1.3216,652695e58b80050501e6ccbfacc2a3bd,train
C:\Users\user\Desktop\5000 - BETTER\data\End_Milling\9000\9000-6\20260910150938301.jpg,End_Milling,9000.0,9000-6,1.3216,7cb9bc201f96f055abe2fb8120f04d08,train
C:\Users\user\Desktop\5000 - BETTER\data\End_Milling\9000\9000-6\20260910150943109.jpg,End_Milling,9000.0,9000-6,1.3216,9c0c685723de5b00a5650725eacf7995,train
C:\Users\user\Desktop\5000 - BETTER\data\End_Milling\9000\9000-6\20260910150945029.jpg,End_Milling,9000.0,9000-6,1.3216,0157863d3716d8c4a262201e9e21760f,train
C:\Users\user\Desktop\5000 - BETTER\data\End_Milling\9000\9000-6\20260910150947149.jpg,End_Milling,9000.0,9000-6,1.3216,2366b76e701d80f57125cb8b8bef75bc,train
C:\Users\user\Desktop\5000 - BETTER\data\End_Milling\9000\9000-7\20260910151304790.jpg,End_Milling,9000.0,9000-7,1.1508,29ccc7835aedd0d70dfefead8ac29444,train
C:\Users\user\Desktop\5000 - BETTER\data\End_Milling\9000\9000-7\20260910151311765.jpg,End_Milling,9000.0,9000-7,1.1508,e9c4f9f8655d80ac91ef2418521f6ef6,train
C:\Users\user\Desktop\5000 - BETTER\data\End_Milling\9000\9000-7\20260910151314581.jpg,End_Milling,9000.0,9000-7,1.1508,b377062476d0846b6bbdfffc6974c4c1,train
C:\Users\user\Desktop\5000 - BETTER\data\End_Milling\9000\9000-7\20260910151317133.jpg,End_Milling,9000.0,9000-7,1.1508,be206225abb88bd612e01bd58478208c,train
C:\Users\user\Desktop\5000 - BETTER\data\End_Milling\9000\9000-7\20260910151318870.jpg,End_Milling,9000.0,9000-7,1.1508,ae1e2c05bc8697a1130257ce315122df,val
C:\Users\user\Desktop\5000 - BETTER\data\End_Milling\9000\9000-7\20260910151320590.jpg,End_Milling,9000.0,9000-7,1.1508,f4ffcc57c3a454d2231d65b5a3db61e3,train
C:\Users\user\Desktop\5000 - BETTER\data\End_Milling\9000\9000-7\20260910151324470.jpg,End_Milling,9000.0,9000-7,1.1508,5f0ae914a12ba0ca25904e6b17987f1a,train
C:\Users\user\Desktop\5000 - BETTER\data\End_Milling\9000\9000-7\20260910151329765.jpg,End_Milling,9000.0,9000-7,1.1508,61a9b2bf814c095dd1dc1c26904696cb,train
C:\Users\user\Desktop\5000 - BETTER\data\End_Milling\9000\9000-7\20260910151332551.jpg,End_Milling,9000.0,9000-7,1.1508,2277b3cb48b1b142b88c556fb162f3c3,val
C:\Users\user\Desktop\5000 - BETTER\data\End_Milling\9000\9000-7\20260910151340406.jpg,End_Milling,9000.0,9000-7,1.1508,b3b6f2f45ae8178d01539b92377ac589,train
C:\Users\user\Desktop\5000 - BETTER\data\End_Milling\9000\9000-7\20260910151345422.jpg,End_Milling,9000.0,9000-7,1.1508,ea898ec834be3c95735478ba144a2d46,train
C:\Users\user\Desktop\5000 - BETTER\data\End_Milling\9000\9000-8\20260910153305693.jpg,End_Milling,9000.0,9000-8,1.363,e37016b5b37b2ec9510df215536a9ef5,train
C:\Users\user\Desktop\5000 - BETTER\data\End_Milling\9000\9000-8\20260910153312461.jpg,End_Milling,9000.0,9000-8,1.363,3c9394d3c50d7bb838c4cc18925c0509,train
C:\Users\user\Desktop\5000 - BETTER\data\End_Milling\9000\9000-8\20260910153323293.jpg,End_Milling,9000.0,9000-8,1.363,2c6be15de167ee4243e83f95b9167edd,val
C:\Users\user\Desktop\5000 - BETTER\data\End_Milling\9000\9000-8\20260910153324950.jpg,End_Milling,9000.0,9000-8,1.363,88320cdc5715dd8f16aff39a1b25aa9e,train
C:\Users\user\Desktop\5000 - BETTER\data\End_Milling\9000\9000-8\20260910153328454.jpg,End_Milling,9000.0,9000-8,1.363,43ef10ee7d0ce5c56954de0491e01420,train
C:\Users\user\Desktop\5000 - BETTER\data\End_Milling\9000\9000-8\20260910153331030.jpg,End_Milling,9000.0,9000-8,1.363,dd16ac6c0de5c46de02f77d04c9117f2,train
C:\Users\user\Desktop\5000 - BETTER\data\End_Milling\9000\9000-8\20260910153335095.jpg,End_Milling,9000.0,9000-8,1.363,0542426013ad0a0003d6e5d4a7f96a24,train
C:\Users\user\Desktop\5000 - BETTER\data\End_Milling\9000\9000-8\20260910153337830.jpg,End_Milling,9000.0,9000-8,1.363,8d0e43878b2da172e075cbae4c289261,val
C:\Users\user\Desktop\5000 - BETTER\data\End_Milling\9000\9000-8\20260910153340805.jpg,End_Milling,9000.0,9000-8,1.363,566aab5418fd412e5cff27c05e6361fb,train
C:\Users\user\Desktop\5000 - BETTER\data\End_Milling\9000\9000-8\20260910153343430.jpg,End_Milling,9000.0,9000-8,1.363,1cd4639a01b955a713996e39b30fa955,train
C:\Users\user\Desktop\5000 - BETTER\data\End_Milling\9000\9000-9\20260910154034069.jpg,End_Milling,9000.0,9000-9,0.9638,ec262df41e79f2758c47fceaacf39a20,train
C:\Users\user\Desktop\5000 - BETTER\data\End_Milling\9000\9000-9\20260910154035773.jpg,End_Milling,9000.0,9000-9,0.9638,819c681474e2d4aefef3ff58e0774fee,train
C:\Users\user\Desktop\5000 - BETTER\data\End_Milling\9000\9000-9\20260910154039909.jpg,End_Milling,9000.0,9000-9,0.9638,70a3b10f5c4766d2c7860d0802bfa1f9,train
C:\Users\user\Desktop\5000 - BETTER\data\End_Milling\9000\9000-9\20260910154041854.jpg,End_Milling,9000.0,9000-9,0.9638,6a08399f8549d33128f8a46d18a7ec4f,train
C:\Users\user\Desktop\5000 - BETTER\data\End_Milling\9000\9000-9\20260910154043565.jpg,End_Milling,9000.0,9000-9,0.9638,72c6c561f052298effb84c3e3e1f3791,train
C:\Users\user\Desktop\5000 - BETTER\data\End_Milling\9000\9000-9\20260910154048150.jpg,End_Milling,9000.0,9000-9,0.9638,3bdb03f6d8b253c67a1848e12e8e3d9e,train
C:\Users\user\Desktop\5000 - BETTER\data\End_Milling\9000\9000-9\20260910154053214.jpg,End_Milling,9000.0,9000-9,0.9638,6b4771c0d0fcdabc9ffaff9874b55e3d,train
C:\Users\user\Desktop\5000 - BETTER\data\End_Milling\9000\9000-9\20260910154055037.jpg,End_Milling,9000.0,9000-9,0.9638,2a7377ffabc3e48c197786c89e22eaf3,train
C:\Users\user\Desktop\5000 - BETTER\data\End_Milling\9000\9000-9\20260910154056486.jpg,End_Milling,9000.0,9000-9,0.9638,b2d52b2afc575ecec88b3121cc353952,val
C:\Users\user\Desktop\5000 - BETTER\data\End_Milling\9000\9000-9\20260910154058797.jpg,End_Milling,9000.0,9000-9,0.9638,6d22c4f0ecbc8f85ee8ad4cf87df1dd7,val
C:\Users\user\Desktop\5000 - BETTER\data\End_Milling\9000\9000-9\20260910154100357.jpg,End_Milling,9000.0,9000-9,0.9638,fcff75d9660d72c79e0d72a1c2df4570,train
C:\Users\user\Desktop\5000 - BETTER\data\End_Milling\9000\9000-9\20260910154105710.jpg,End_Milling,9000.0,9000-9,0.9638,d39551538d305d3bb629ff4775b659cb,train
C:\Users\user\Desktop\5000 - BETTER\data\Other\1782911953623.jpg,Other,0.0,N/A,0.0,9f245cc0b1dbf656f789a1d2920888ab,train
C:\Users\user\Desktop\5000 - BETTER\data\Other\20260619_214734.jpg,Other,0.0,N/A,0.0,6478432fbf214ad05a77c175f479ba52,train
C:\Users\user\Desktop\5000 - BETTER\data\Other\34eaefb4-4a7b-491f-8d80-e1e29dcdcaf5.jpg,Other,0.0,N/A,0.0,7eaee7b44232c132522a88799b4099fb,train
C:\Users\user\Desktop\5000 - BETTER\data\Other\84137222258e1a63886133a86543ac05.jpg,Other,0.0,N/A,0.0,91963c7535c105300dbabbe899e8d3d3,train
C:\Users\user\Desktop\5000 - BETTER\data\Other\a9ff9ad3-c1d2-4142-8fa1-222c0fbd3e00.jpg,Other,0.0,N/A,0.0,82dd6336f0b28001669b1dd2bd446f6f,train
C:\Users\user\Desktop\5000 - BETTER\data\Other\COE_41271121_20260706142057.jpg,Other,0.0,N/A,0.0,b380a102ca4248377ae8c1bc594be2bc,train
C:\Users\user\Desktop\5000 - BETTER\data\Other\e18fe8237c8183d27c287af761ec07bc.png,Other,0.0,N/A,0.0,729db4df4009868f40647ac4edf87dde,train
C:\Users\user\Desktop\5000 - BETTER\data\Other\FB_IMG_1781929564800.jpg,Other,0.0,N/A,0.0,d76cc60dca48b92680abe2bccc51f6a3,train
C:\Users\user\Desktop\5000 - BETTER\data\Other\FB_IMG_1781929577157.jpg,Other,0.0,N/A,0.0,6ec99734e15ec2ad50536dc34ab46340,train
C:\Users\user\Desktop\5000 - BETTER\data\Other\FB_IMG_1781929589525.jpg,Other,0.0,N/A,0.0,50385f2cc799998fdcbdedab446ac969,val
C:\Users\user\Desktop\5000 - BETTER\data\Other\FB_IMG_1781929602319.jpg,Other,0.0,N/A,0.0,81c6108bf5c5d6fe1eaa8030e6ac38f8,train
C:\Users\user\Desktop\5000 - BETTER\data\Other\FB_IMG_1781929615276.jpg,Other,0.0,N/A,0.0,ce635895ab11de6e84d4e78232db671a,val
C:\Users\user\Desktop\5000 - BETTER\data\Other\FB_IMG_1781929687199.jpg,Other,0.0,N/A,0.0,6ac8954b7cd917c67ea8ab090004b9ba,train
C:\Users\user\Desktop\5000 - BETTER\data\Other\FB_IMG_1781929699488.jpg,Other,0.0,N/A,0.0,8d4fb58febd85343fff49eb1d4f6b2bf,train
C:\Users\user\Desktop\5000 - BETTER\data\Other\FB_IMG_1784220517143.jpg,Other,0.0,N/A,0.0,57f62a12cbaf47ccc5595a2322b5fb59,train
C:\Users\user\Desktop\5000 - BETTER\data\Other\IMG_20260608_142700.jpg,Other,0.0,N/A,0.0,de5ba7f474ff2b0aea77ac9b8ffd7a97,train
C:\Users\user\Desktop\5000 - BETTER\data\Other\IMG_20260608_165135.jpg,Other,0.0,N/A,0.0,1f66f5c1f1c573cbc9d0273c82424797,train
C:\Users\user\Desktop\5000 - BETTER\data\Other\IMG_20260608_165641.jpg,Other,0.0,N/A,0.0,3c17432249e8a47cad9c4eec654cf505,val
C:\Users\user\Desktop\5000 - BETTER\data\Other\IMG_20260608_181908.jpg,Other,0.0,N/A,0.0,6e38b27e8d282762d141ee0ff4b67c32,val
C:\Users\user\Desktop\5000 - BETTER\data\Other\IMG_20260609_142759.jpg,Other,0.0,N/A,0.0,256a5d9fe562def0ca1521ff13769f9e,train
C:\Users\user\Desktop\5000 - BETTER\data\Other\IMG_20260609_200157.jpg,Other,0.0,N/A,0.0,413f7348f0cc853de425cd74c81c0f30,train
C:\Users\user\Desktop\5000 - BETTER\data\Other\IMG_20260610_124744.jpg,Other,0.0,N/A,0.0,236f997ad5b2192727c4c4612b45d0c2,train
C:\Users\user\Desktop\5000 - BETTER\data\Other\IMG_20260610_181525.jpg,Other,0.0,N/A,0.0,e047082254174857a5797bb34156558d,train
C:\Users\user\Desktop\5000 - BETTER\data\Other\IMG_20260611_094959.jpg,Other,0.0,N/A,0.0,794f9cd15c67843ea27ea77f364318ca,train
C:\Users\user\Desktop\5000 - BETTER\data\Other\IMG_20260611_115647.jpg,Other,0.0,N/A,0.0,9c4decfde5b195936ce18d9d37b4e2a7,train
C:\Users\user\Desktop\5000 - BETTER\data\Other\IMG_20260611_180815.jpg,Other,0.0,N/A,0.0,b2bacf7f9ca4e992084d90e258b1625b,train
C:\Users\user\Desktop\5000 - BETTER\data\Other\IMG_20260611_195555.jpg,Other,0.0,N/A,0.0,c190b522ecb77dc4a2ade9a2eeea5753,train
C:\Users\user\Desktop\5000 - BETTER\data\Other\IMG_20260612_124843.jpg,Other,0.0,N/A,0.0,8862e0a24a53c913b5e4bbb5a30df846,train
C:\Users\user\Desktop\5000 - BETTER\data\Other\IMG_20260612_160655.jpg,Other,0.0,N/A,0.0,bfeedfd6a2b3a1d14ec9f493fab7569e,train
C:\Users\user\Desktop\5000 - BETTER\data\Other\IMG_20260613_113620.jpg,Other,0.0,N/A,0.0,a05ad93a9cf7b2fd1dd39dac0376d780,train
C:\Users\user\Desktop\5000 - BETTER\data\Other\IMG_20260613_182430.jpg,Other,0.0,N/A,0.0,1f14ba61c6ebe7e646ed56a702a6001a,train
C:\Users\user\Desktop\5000 - BETTER\data\Other\IMG_20260614_194832.jpg,Other,0.0,N/A,0.0,945540501cf2dfbcf1ced24578fd6e77,train
C:\Users\user\Desktop\5000 - BETTER\data\Other\IMG_20260614_212737.jpg,Other,0.0,N/A,0.0,142f64575c94a5c8dad12ac907b5f371,train
C:\Users\user\Desktop\5000 - BETTER\data\Other\IMG_20260615_105248.jpg,Other,0.0,N/A,0.0,7de0eafff0c15a4594e3d9961a785864,val
C:\Users\user\Desktop\5000 - BETTER\data\Other\IMG_20260615_110806.jpg,Other,0.0,N/A,0.0,7fbdb0dc1e9e5e04896fd06f03f282af,train
C:\Users\user\Desktop\5000 - BETTER\data\Other\IMG_20260615_190555.jpg,Other,0.0,N/A,0.0,a29ec4cee093911f633362e95d6f71b7,val
C:\Users\user\Desktop\5000 - BETTER\data\Other\IMG_20260616_113803.jpg,Other,0.0,N/A,0.0,9495c9d0e507be74ad21e78cb009c778,train
C:\Users\user\Desktop\5000 - BETTER\data\Other\IMG_20260617_121024.jpg,Other,0.0,N/A,0.0,bd4b401f37ab922de309e31c7a213720,train
C:\Users\user\Desktop\5000 - BETTER\data\Other\IMG_20260618_123511.jpg,Other,0.0,N/A,0.0,e3d4781ef1913eb28fe0fd84a4221156,train
C:\Users\user\Desktop\5000 - BETTER\data\Other\IMG_20260618_221111_edit_98096.jpg,Other,0.0,N/A,0.0,84c798a8158174ee5be3a457ff6c68d4,train
C:\Users\user\Desktop\5000 - BETTER\data\Other\IMG_20260618_234605.jpg,Other,0.0,N/A,0.0,5f72e567e65b29bc21d44e32f6311220,train
C:\Users\user\Desktop\5000 - BETTER\data\Other\IMG_20260619_163530.jpg,Other,0.0,N/A,0.0,761a76e4488bf433649a703f128316b3,val
C:\Users\user\Desktop\5000 - BETTER\data\Other\IMG_20260619_163532.jpg,Other,0.0,N/A,0.0,b8253f8e5898959e560c66023a5b79bf,train
C:\Users\user\Desktop\5000 - BETTER\data\Other\IMG_20260619_165156.jpg,Other,0.0,N/A,0.0,dc269d2ccaf129df7b1d8b1ed26ee2af,train
C:\Users\user\Desktop\5000 - BETTER\data\Other\IMG_20260619_185401_784.jpg,Other,0.0,N/A,0.0,d207ff5e35402ce6fc00c14a789fb9f0,train
C:\Users\user\Desktop\5000 - BETTER\data\Other\IMG_20260619_185408_257.jpg,Other,0.0,N/A,0.0,cecbc97b759e8686b4fac14c43896010,train
C:\Users\user\Desktop\5000 - BETTER\data\Other\IMG_20260619_185414_714.jpg,Other,0.0,N/A,0.0,b27f7d26879c4af70a9ee96895163d55,train
C:\Users\user\Desktop\5000 - BETTER\data\Other\IMG_20260619_190746.jpg,Other,0.0,N/A,0.0,006445e933e3d85bf33618f21f0eb1a3,val
C:\Users\user\Desktop\5000 - BETTER\data\Other\IMG_20260620_114105.jpg,Other,0.0,N/A,0.0,99dfd1ffff9377cf3302b8c8622ea2fd,train
C:\Users\user\Desktop\5000 - BETTER\data\Other\IMG_20260621_001546_edit_47799.jpg,Other,0.0,N/A,0.0,148938e134d210c84d5fce7f9f20c047,train
C:\Users\user\Desktop\5000 - BETTER\data\Other\IMG_20260621_112613.jpg,Other,0.0,N/A,0.0,4ffae8eb236bf774914a7881c27fc42b,train
C:\Users\user\Desktop\5000 - BETTER\data\Other\IMG_20260621_203212.jpg,Other,0.0,N/A,0.0,2c45c2235d8daa83759f893330fa6d82,train
C:\Users\user\Desktop\5000 - BETTER\data\Other\IMG_20260622_111332.jpg,Other,0.0,N/A,0.0,f45a000ead0680be8f4a51b98103fc51,train
C:\Users\user\Desktop\5000 - BETTER\data\Other\IMG_20260623_113727.jpg,Other,0.0,N/A,0.0,b092e5a1b10fb3e11ed446cd556d6184,train
C:\Users\user\Desktop\5000 - BETTER\data\Other\IMG_20260623_115635_edit_29516.jpg,Other,0.0,N/A,0.0,5860636281773ff70b2a7b6c1db62e03,train
C:\Users\user\Desktop\5000 - BETTER\data\Other\IMG_20260623_115646.jpg,Other,0.0,N/A,0.0,0a4c94a598e7eef9f26b81a7d6996c0d,train
C:\Users\user\Desktop\5000 - BETTER\data\Other\IMG_20260623_164233.jpg,Other,0.0,N/A,0.0,ed7e62f30e21ebf2270ecec3712a5e1f,train
C:\Users\user\Desktop\5000 - BETTER\data\Other\IMG_20260623_182829.jpg,Other,0.0,N/A,0.0,c4d41e5b73ba9d4c698d3a2404ff6b9a,val
C:\Users\user\Desktop\5000 - BETTER\data\Other\IMG_20260624_135736.jpg,Other,0.0,N/A,0.0,20e95cd77b052edf51a84401d191c477,train
C:\Users\user\Desktop\5000 - BETTER\data\Other\IMG_20260624_155407.jpg,Other,0.0,N/A,0.0,7f64833a625a58a9edf5b29717a5dfa2,val
C:\Users\user\Desktop\5000 - BETTER\data\Other\IMG_20260624_175725.jpg,Other,0.0,N/A,0.0,d853022a6f09454c69a6bd3e45212bb1,train
C:\Users\user\Desktop\5000 - BETTER\data\Other\IMG_20260625_175927.jpg,Other,0.0,N/A,0.0,2f223ae385e0b12bce99a109cd406773,train
C:\Users\user\Desktop\5000 - BETTER\data\Other\IMG_20260626_171713.jpg,Other,0.0,N/A,0.0,8c15c67f258d4132e9eba13f39ba254c,val
C:\Users\user\Desktop\5000 - BETTER\data\Other\IMG_20260626_194823.jpg,Other,0.0,N/A,0.0,ea4fdf28b21868014846f55c099e46a2,train
C:\Users\user\Desktop\5000 - BETTER\data\Other\IMG_20260626_195830.jpg,Other,0.0,N/A,0.0,8ffc54e6cb218d76e906e303081c5303,val
C:\Users\user\Desktop\5000 - BETTER\data\Other\IMG_20260626_204536.jpg,Other,0.0,N/A,0.0,48112b508269da1cc586dab17c42008f,train
C:\Users\user\Desktop\5000 - BETTER\data\Other\IMG_20260626_205055.jpg,Other,0.0,N/A,0.0,0daa55f4b4e17bbe2b46b2ce65837d2b,train
C:\Users\user\Desktop\5000 - BETTER\data\Other\IMG_20260626_205057.jpg,Other,0.0,N/A,0.0,7a54194893a6e02a599d70ce0cf613e9,val
C:\Users\user\Desktop\5000 - BETTER\data\Other\IMG_20260626_205506.jpg,Other,0.0,N/A,0.0,f97762493e3ff5450f78a4fc8b41b199,val
C:\Users\user\Desktop\5000 - BETTER\data\Other\IMG_20260626_205507.jpg,Other,0.0,N/A,0.0,9a073510c3c99be66d63f5699b279619,train
C:\Users\user\Desktop\5000 - BETTER\data\Other\IMG_20260626_205649.jpg,Other,0.0,N/A,0.0,ad04831b5b2d7eaab6689a08c88017a9,train
C:\Users\user\Desktop\5000 - BETTER\data\Other\IMG_20260626_210100.jpg,Other,0.0,N/A,0.0,680b82fd019ad057a078d5df10f5c5ea,train
C:\Users\user\Desktop\5000 - BETTER\data\Other\IMG_20260626_210216(1).jpg,Other,0.0,N/A,0.0,89ce5fbb9779775dd4e8444121004be9,val
C:\Users\user\Desktop\5000 - BETTER\data\Other\IMG_20260626_211521.jpg,Other,0.0,N/A,0.0,bbd843d0ba78432bd3d5c2075d010ba5,train
C:\Users\user\Desktop\5000 - BETTER\data\Other\IMG_20260626_211526.jpg,Other,0.0,N/A,0.0,9c06de69639f8eee7f8dfc994db7b112,train
C:\Users\user\Desktop\5000 - BETTER\data\Other\IMG_20260626_211528.jpg,Other,0.0,N/A,0.0,f77634737c7df28715785a83f49f6cc8,val
C:\Users\user\Desktop\5000 - BETTER\data\Other\IMG_20260626_211848.jpg,Other,0.0,N/A,0.0,ceaf855c69ab0a54af6d3b5d251ae9da,train
C:\Users\user\Desktop\5000 - BETTER\data\Other\IMG_20260626_212736.jpg,Other,0.0,N/A,0.0,95e2b649128a80585fbe1f48549d894f,val
C:\Users\user\Desktop\5000 - BETTER\data\Other\IMG_20260626_213736.jpg,Other,0.0,N/A,0.0,39ee72cd70efa37e579c18458949138e,train
C:\Users\user\Desktop\5000 - BETTER\data\Other\IMG_20260626_214405.jpg,Other,0.0,N/A,0.0,b28462b12e338f70092a566ce1817ae9,train
C:\Users\user\Desktop\5000 - BETTER\data\Other\IMG_20260626_220800.jpg,Other,0.0,N/A,0.0,2ec7b3292f094fabe46aae3271bee3c1,train
C:\Users\user\Desktop\5000 - BETTER\data\Other\IMG_20260626_220803.jpg,Other,0.0,N/A,0.0,3bb285f59159d0960a4a5fc2a3615560,val
C:\Users\user\Desktop\5000 - BETTER\data\Other\IMG_20260626_220938.jpg,Other,0.0,N/A,0.0,15e95c2dc6da26843c670df14f184133,train
C:\Users\user\Desktop\5000 - BETTER\data\Other\IMG_20260626_220945.jpg,Other,0.0,N/A,0.0,faa55f10d5bf49c09ee8f105b7c5048e,train
C:\Users\user\Desktop\5000 - BETTER\data\Other\IMG_20260626_223222.jpg,Other,0.0,N/A,0.0,1abdd8ef2b88bc9a8d1147b07beffbc7,train
C:\Users\user\Desktop\5000 - BETTER\data\Other\IMG_20260626_223432.jpg,Other,0.0,N/A,0.0,bd23856d2d173c16bad20b834edba6d0,train
C:\Users\user\Desktop\5000 - BETTER\data\Other\IMG_20260626_230358.jpg,Other,0.0,N/A,0.0,f563b60111ed92316cfe0690238910f2,train
C:\Users\user\Desktop\5000 - BETTER\data\Other\IMG_20260627_091211.jpg,Other,0.0,N/A,0.0,8c8ba817a150b873c269b8839e7f00d0,train
C:\Users\user\Desktop\5000 - BETTER\data\Other\IMG_20260627_091401.jpg,Other,0.0,N/A,0.0,6976c0974e97864585d660dbb3b07c63,train
C:\Users\user\Desktop\5000 - BETTER\data\Other\IMG_20260627_093249.jpg,Other,0.0,N/A,0.0,1969ade263346e6d774302e74849788a,train
C:\Users\user\Desktop\5000 - BETTER\data\Other\IMG_20260627_094525.jpg,Other,0.0,N/A,0.0,6313d87c3d608f5622f8bd1b2c4da1b1,val
C:\Users\user\Desktop\5000 - BETTER\data\Other\IMG_20260627_094528.jpg,Other,0.0,N/A,0.0,2d75bb8daf8651c0825c238a0424166a,train
C:\Users\user\Desktop\5000 - BETTER\data\Other\IMG_20260627_094534(1).jpg,Other,0.0,N/A,0.0,147eacbe31ad9f38707763b93867cbcc,val
C:\Users\user\Desktop\5000 - BETTER\data\Other\IMG_20260627_101418.jpg,Other,0.0,N/A,0.0,cbf641dc88ded6d75058f77dd62db821,train
C:\Users\user\Desktop\5000 - BETTER\data\Other\IMG_20260627_101421.jpg,Other,0.0,N/A,0.0,954a84a4d4c9b2b8131bad1b18d5a19e,val
C:\Users\user\Desktop\5000 - BETTER\data\Other\IMG_20260627_101632.jpg,Other,0.0,N/A,0.0,696f7dc8660a02bf9f20fca6020289c7,train
C:\Users\user\Desktop\5000 - BETTER\data\Other\IMG_20260627_105010.jpg,Other,0.0,N/A,0.0,52b7ded6d0cc69d95bc6f22161b381f2,val
C:\Users\user\Desktop\5000 - BETTER\data\Other\IMG_20260627_105455.jpg,Other,0.0,N/A,0.0,a6c106eacce007a4bfeab33d14d3a6af,train
C:\Users\user\Desktop\5000 - BETTER\data\Other\IMG_20260627_105521.jpg,Other,0.0,N/A,0.0,025a1b37118cc8adcabd724287efdf9e,train
C:\Users\user\Desktop\5000 - BETTER\data\Other\IMG_20260627_105534.jpg,Other,0.0,N/A,0.0,c9bc25afff42cd5599f7217eef8875ba,train
C:\Users\user\Desktop\5000 - BETTER\data\Other\IMG_20260627_105535.jpg,Other,0.0,N/A,0.0,a18f9d68abd245f9952638b103dbc040,train
C:\Users\user\Desktop\5000 - BETTER\data\Other\IMG_20260627_105719.jpg,Other,0.0,N/A,0.0,c0b0b95f051118cbc899233d97ff08e6,train
C:\Users\user\Desktop\5000 - BETTER\data\Other\IMG_20260627_105721.jpg,Other,0.0,N/A,0.0,abc29ee671f6bc0f97be80e09bf5ac2e,train
C:\Users\user\Desktop\5000 - BETTER\data\Other\IMG_20260627_105842.jpg,Other,0.0,N/A,0.0,e66ce545d4270880cca48fd481631d11,train
C:\Users\user\Desktop\5000 - BETTER\data\Other\IMG_20260627_110404.jpg,Other,0.0,N/A,0.0,4ce0cc80c73586f5551f447e1309d71d,train
C:\Users\user\Desktop\5000 - BETTER\data\Other\IMG_20260627_110949.jpg,Other,0.0,N/A,0.0,d336899f63da753f4956fa1d20982bf2,train
C:\Users\user\Desktop\5000 - BETTER\data\Other\IMG_20260627_110957.jpg,Other,0.0,N/A,0.0,f448bae80062b2e92af28eb0ab8ace07,val
C:\Users\user\Desktop\5000 - BETTER\data\Other\IMG_20260627_111012(1).jpg,Other,0.0,N/A,0.0,7097bdf6cce21119b22eb405dd19a30a,train
C:\Users\user\Desktop\5000 - BETTER\data\Other\IMG_20260627_111456.jpg,Other,0.0,N/A,0.0,7336d062995238c796cdee0411181c0b,train
C:\Users\user\Desktop\5000 - BETTER\data\Other\IMG_20260627_111458.jpg,Other,0.0,N/A,0.0,4cfb4535c7d80210f87b34c62111d66a,train
C:\Users\user\Desktop\5000 - BETTER\data\Other\IMG_20260627_112706.jpg,Other,0.0,N/A,0.0,1446f290750f5cc60a02fde01824d0ec,val
C:\Users\user\Desktop\5000 - BETTER\data\Other\IMG_20260627_112720.jpg,Other,0.0,N/A,0.0,870299f596de16d470243c398896914f,train
C:\Users\user\Desktop\5000 - BETTER\data\Other\IMG_20260627_112736.jpg,Other,0.0,N/A,0.0,7eab1b047bdef4e2b84c7c7f9c0d8f26,train
C:\Users\user\Desktop\5000 - BETTER\data\Other\IMG_20260627_112737(1).jpg,Other,0.0,N/A,0.0,5b6637585eaab395045ae17cf59d72b5,train
C:\Users\user\Desktop\5000 - BETTER\data\Other\IMG_20260627_113509.jpg,Other,0.0,N/A,0.0,317dd0a84a9bd8cd6791d7999bb36868,train
C:\Users\user\Desktop\5000 - BETTER\data\Other\IMG_20260627_113537.jpg,Other,0.0,N/A,0.0,90cd15d0d93995e8199b9dcbd3eefd14,train
C:\Users\user\Desktop\5000 - BETTER\data\Other\IMG_20260627_113551.jpg,Other,0.0,N/A,0.0,987670434b2ed0363ed7e2b18510ff29,train
C:\Users\user\Desktop\5000 - BETTER\data\Other\IMG_20260627_113813.jpg,Other,0.0,N/A,0.0,df1853b4c4f18ec8c7a5e5a0a503d7fa,train
C:\Users\user\Desktop\5000 - BETTER\data\Other\IMG_20260627_123500.jpg,Other,0.0,N/A,0.0,39bf54b906e0b3296591f6dab35ed5bf,train
C:\Users\user\Desktop\5000 - BETTER\data\Other\IMG_20260627_124031.jpg,Other,0.0,N/A,0.0,7a165e19ccc3c9d33c702814f49ba9bc,val
C:\Users\user\Desktop\5000 - BETTER\data\Other\IMG_20260627_130751.jpg,Other,0.0,N/A,0.0,b1fc9a0d55c7fcee4053267159a8e4f0,train
C:\Users\user\Desktop\5000 - BETTER\data\Other\IMG_20260627_130753(1).jpg,Other,0.0,N/A,0.0,5425245c8efef25c07a402c8fd3ec3d2,train
C:\Users\user\Desktop\5000 - BETTER\data\Other\IMG_20260627_130755.jpg,Other,0.0,N/A,0.0,a9cb47ed94b8d79b63a01c6672b415ad,train
C:\Users\user\Desktop\5000 - BETTER\data\Other\IMG_20260627_155058_1.jpg,Other,0.0,N/A,0.0,67f3801f1a82cbc17491ec83c7338cbf,train
C:\Users\user\Desktop\5000 - BETTER\data\Other\IMG_20260627_155803.jpg,Other,0.0,N/A,0.0,3f436379f4513c438da4be786a1ec1be,train
C:\Users\user\Desktop\5000 - BETTER\data\Other\IMG_20260627_155805.jpg,Other,0.0,N/A,0.0,29b42db314b7fb4f7cbc75bea2037353,train
C:\Users\user\Desktop\5000 - BETTER\data\Other\IMG_20260627_161906.jpg,Other,0.0,N/A,0.0,16fec5fa7a09fee4892a0d8c473a49d4,train
C:\Users\user\Desktop\5000 - BETTER\data\Other\IMG_20260627_161908.jpg,Other,0.0,N/A,0.0,fb30364421abc85c9fa405b7c8865d10,train
C:\Users\user\Desktop\5000 - BETTER\data\Other\IMG_20260627_161909.jpg,Other,0.0,N/A,0.0,617e730264308dd5cfc20c17cb90f819,val
C:\Users\user\Desktop\5000 - BETTER\data\Other\IMG_20260627_161913.jpg,Other,0.0,N/A,0.0,943f97e4c4011e2b361aff1b7d727045,val
C:\Users\user\Desktop\5000 - BETTER\data\Other\IMG_20260627_161914(1).jpg,Other,0.0,N/A,0.0,a04129599e38a05515f35b1ca7cc2a8e,val
C:\Users\user\Desktop\5000 - BETTER\data\Other\IMG_20260627_161914.jpg,Other,0.0,N/A,0.0,a04129599e38a05515f35b1ca7cc2a8e,val
C:\Users\user\Desktop\5000 - BETTER\data\Other\IMG_20260627_161938.jpg,Other,0.0,N/A,0.0,598a1a42fde6f4864ad19288a42b4aac,train
C:\Users\user\Desktop\5000 - BETTER\data\Other\IMG_20260627_162550.jpg,Other,0.0,N/A,0.0,05efd73dd5dacc2bfb9081ae74b9b994,val
C:\Users\user\Desktop\5000 - BETTER\data\Other\IMG_20260627_162553(1).jpg,Other,0.0,N/A,0.0,677061f62e0f632795df9f2cb7c87c48,train
C:\Users\user\Desktop\5000 - BETTER\data\Other\IMG_20260627_163029.jpg,Other,0.0,N/A,0.0,efd4cd68ceeb570b9c9ec4b3dccbcb98,train
C:\Users\user\Desktop\5000 - BETTER\data\Other\IMG_20260627_163310.jpg,Other,0.0,N/A,0.0,ab45e0424d6f234dfd837e285d7396d8,train
C:\Users\user\Desktop\5000 - BETTER\data\Other\IMG_20260627_163312.jpg,Other,0.0,N/A,0.0,c73c6466a0f330dcd23505098296011f,train
C:\Users\user\Desktop\5000 - BETTER\data\Other\IMG_20260627_163449.jpg,Other,0.0,N/A,0.0,5bae2813076bf3550f695af711c7bb12,val
C:\Users\user\Desktop\5000 - BETTER\data\Other\IMG_20260627_163517.jpg,Other,0.0,N/A,0.0,811029b703387a3d7e43240b81831a4e,train
C:\Users\user\Desktop\5000 - BETTER\data\Other\IMG_20260627_163519.jpg,Other,0.0,N/A,0.0,b4a5626789be690dfda29ab999838ead,train
C:\Users\user\Desktop\5000 - BETTER\data\Other\IMG_20260627_163523.jpg,Other,0.0,N/A,0.0,678e19e3327854a38ca82c606be4af59,train
C:\Users\user\Desktop\5000 - BETTER\data\Other\IMG_20260627_163857.jpg,Other,0.0,N/A,0.0,8495b50e8e50705474a8e7b3cfa5de31,val
C:\Users\user\Desktop\5000 - BETTER\data\Other\IMG_20260627_163919.jpg,Other,0.0,N/A,0.0,c9f2199d04d95713563b5502eae891cb,train
C:\Users\user\Desktop\5000 - BETTER\data\Other\IMG_20260627_164044.jpg,Other,0.0,N/A,0.0,1accea6ed83a2cc2babe604b2ecc8b27,val
C:\Users\user\Desktop\5000 - BETTER\data\Other\IMG_20260627_164045.jpg,Other,0.0,N/A,0.0,75069fffe9c09a1d76fef5d2fbd6926f,train
C:\Users\user\Desktop\5000 - BETTER\data\Other\IMG_20260627_164051.jpg,Other,0.0,N/A,0.0,7599c153bb0257cc05278314539edf82,train
C:\Users\user\Desktop\5000 - BETTER\data\Other\IMG_20260627_164625.jpg,Other,0.0,N/A,0.0,4e855a90bfdda57b292fae1c0e68e455,train
C:\Users\user\Desktop\5000 - BETTER\data\Other\IMG_20260627_164629.jpg,Other,0.0,N/A,0.0,e7bdfa986396e6bdb95b624e8b5ff62a,train
C:\Users\user\Desktop\5000 - BETTER\data\Other\IMG_20260627_164922.jpg,Other,0.0,N/A,0.0,b49edb5b0278ec6f3cb2730bb13a5f0c,train
C:\Users\user\Desktop\5000 - BETTER\data\Other\IMG_20260627_165204.jpg,Other,0.0,N/A,0.0,5890d1c015b1d8b8e5a47eedfc1edd8f,train
C:\Users\user\Desktop\5000 - BETTER\data\Other\IMG_20260627_165532.jpg,Other,0.0,N/A,0.0,81c8da6f08f81ac67412d1cac9bd9dad,train
C:\Users\user\Desktop\5000 - BETTER\data\Other\IMG_20260627_170100(1).jpg,Other,0.0,N/A,0.0,62c11848537ac96c11fd3ccf52f2149b,train
C:\Users\user\Desktop\5000 - BETTER\data\Other\IMG_20260627_175737.jpg,Other,0.0,N/A,0.0,6fd88bc40b358ec64b975a9b086a007f,val
C:\Users\user\Desktop\5000 - BETTER\data\Other\IMG_20260627_175741.jpg,Other,0.0,N/A,0.0,98f68b3ba2f9382e6ab4c190e1626664,train
C:\Users\user\Desktop\5000 - BETTER\data\Other\IMG_20260627_175818.jpg,Other,0.0,N/A,0.0,3fe6e762e18d365a96de87ef541161d1,val
C:\Users\user\Desktop\5000 - BETTER\data\Other\IMG_20260627_182943.jpg,Other,0.0,N/A,0.0,c171a9c3a10ea01a0821106ff3a9d4bd,train
C:\Users\user\Desktop\5000 - BETTER\data\Other\IMG_20260627_183258(1).jpg,Other,0.0,N/A,0.0,a7d98da3e38fc11f9b52a23e4b6b0cb6,train
C:\Users\user\Desktop\5000 - BETTER\data\Other\IMG_20260627_183258.jpg,Other,0.0,N/A,0.0,a7d98da3e38fc11f9b52a23e4b6b0cb6,train
C:\Users\user\Desktop\5000 - BETTER\data\Other\IMG_20260627_183304.jpg,Other,0.0,N/A,0.0,e238850671f65edc873381200dcf93d2,train
C:\Users\user\Desktop\5000 - BETTER\data\Other\IMG_20260627_195327.jpg,Other,0.0,N/A,0.0,ac639555d9882493990ffe4a4f9e2bff,train
C:\Users\user\Desktop\5000 - BETTER\data\Other\IMG_20260627_195336.jpg,Other,0.0,N/A,0.0,31fe3fc1fff75878c6c7f544462942aa,val
C:\Users\user\Desktop\5000 - BETTER\data\Other\IMG_20260627_195350.jpg,Other,0.0,N/A,0.0,aa8db331d98d9b00a656a23a4ef46959,train
C:\Users\user\Desktop\5000 - BETTER\data\Other\IMG_20260627_195728.jpg,Other,0.0,N/A,0.0,c17535c2f58640d852a6100b05882b05,train
C:\Users\user\Desktop\5000 - BETTER\data\Other\IMG_20260627_221819.jpg,Other,0.0,N/A,0.0,5a05cfb639db56f70e943784b02c8e5a,train
C:\Users\user\Desktop\5000 - BETTER\data\Other\IMG_20260627_221823.jpg,Other,0.0,N/A,0.0,e4fcc6cdebf029afd90b94359cd684ac,train
C:\Users\user\Desktop\5000 - BETTER\data\Other\IMG_20260627_221836.jpg,Other,0.0,N/A,0.0,93bfb9b4ed282e81b35cc28f8ee9359a,train
C:\Users\user\Desktop\5000 - BETTER\data\Other\IMG_20260627_223501.jpg,Other,0.0,N/A,0.0,dbd455659ad7988f24298957bfb10a57,train
C:\Users\user\Desktop\5000 - BETTER\data\Other\IMG_20260627_223502.jpg,Other,0.0,N/A,0.0,dd67ecb60a49ed46c2cb1883bbdec2c2,train
C:\Users\user\Desktop\5000 - BETTER\data\Other\IMG_20260627_234343.jpg,Other,0.0,N/A,0.0,eed5a58c7564557cf115735b0ea1b961,train
C:\Users\user\Desktop\5000 - BETTER\data\Other\IMG_20260627_234651.jpg,Other,0.0,N/A,0.0,32ede9d96729fa0f807c7cfd5d3d15f3,train
C:\Users\user\Desktop\5000 - BETTER\data\Other\IMG_20260628_001911.jpg,Other,0.0,N/A,0.0,7c7b4512ace8386fc7e2b73bacf0268c,train
C:\Users\user\Desktop\5000 - BETTER\data\Other\IMG_20260628_002225.jpg,Other,0.0,N/A,0.0,efeb717785d6987f6259ae66138834ca,train
C:\Users\user\Desktop\5000 - BETTER\data\Other\IMG_20260628_081302.jpg,Other,0.0,N/A,0.0,438240e73216307367499d54dc189ac8,val
C:\Users\user\Desktop\5000 - BETTER\data\Other\IMG_20260628_093405.jpg,Other,0.0,N/A,0.0,e9ca596e5f061a300f7a34a78235ea07,train
C:\Users\user\Desktop\5000 - BETTER\data\Other\IMG_20260628_093407.jpg,Other,0.0,N/A,0.0,c324b4150b37dffc50e0191ab2fc52c7,train
C:\Users\user\Desktop\5000 - BETTER\data\Other\IMG_20260628_093408.jpg,Other,0.0,N/A,0.0,c82fe740ed068fa2669d9cbf83eea23c,train
C:\Users\user\Desktop\5000 - BETTER\data\Other\IMG_20260628_094936.jpg,Other,0.0,N/A,0.0,74c763d211a675331a063035520a0edc,val
C:\Users\user\Desktop\5000 - BETTER\data\Other\IMG_20260628_095005.jpg,Other,0.0,N/A,0.0,5ca283aa3e9b2c7f596394e4de5a82a7,train
C:\Users\user\Desktop\5000 - BETTER\data\Other\IMG_20260628_095006.jpg,Other,0.0,N/A,0.0,49cb79316669248acd693d6a6287b2f2,train
C:\Users\user\Desktop\5000 - BETTER\data\Other\IMG_20260628_095140.jpg,Other,0.0,N/A,0.0,41e7ce5648ab66b4c6e0c8bd012aba2a,train
C:\Users\user\Desktop\5000 - BETTER\data\Other\IMG_20260628_100410.jpg,Other,0.0,N/A,0.0,9dabdc918c00f51298f927d05ac63483,train
C:\Users\user\Desktop\5000 - BETTER\data\Other\IMG_20260628_100414.jpg,Other,0.0,N/A,0.0,316cf90dbb1fd8a1856c5fa5eb2808b4,train
C:\Users\user\Desktop\5000 - BETTER\data\Other\IMG_20260628_100530.jpg,Other,0.0,N/A,0.0,7b749ccdda4e3399b1c4c602b67c9a23,train
C:\Users\user\Desktop\5000 - BETTER\data\Other\IMG_20260628_100630(1).jpg,Other,0.0,N/A,0.0,4dbb6d938614b1f5e0deb6b0a0febe7e,train
C:\Users\user\Desktop\5000 - BETTER\data\Other\IMG_20260628_100630_1.jpg,Other,0.0,N/A,0.0,5be2f66edd97d88170de233f6f2ee895,train
C:\Users\user\Desktop\5000 - BETTER\data\Other\IMG_20260628_101221.jpg,Other,0.0,N/A,0.0,48db24cb042f67c61fd3c945c92211a8,train
C:\Users\user\Desktop\5000 - BETTER\data\Other\IMG_20260628_104344_1(1).jpg,Other,0.0,N/A,0.0,90b80d15d63cecc15b2c7b1b874afc3f,train
C:\Users\user\Desktop\5000 - BETTER\data\Other\IMG_20260628_105456.jpg,Other,0.0,N/A,0.0,7b9b0c58c65ea0e6efd67705a43268af,train
C:\Users\user\Desktop\5000 - BETTER\data\Other\IMG_20260628_105648.jpg,Other,0.0,N/A,0.0,9923ad6efb0cb24ee473fb5bdbe6bdce,train
C:\Users\user\Desktop\5000 - BETTER\data\Other\IMG_20260628_105651.jpg,Other,0.0,N/A,0.0,057c2542324341af7ff7b3c97fa0f420,train
C:\Users\user\Desktop\5000 - BETTER\data\Other\IMG_20260628_110108(1).jpg,Other,0.0,N/A,0.0,d5b6ded29637da9db5a9fdac72f79d1f,val
C:\Users\user\Desktop\5000 - BETTER\data\Other\IMG_20260628_110122.jpg,Other,0.0,N/A,0.0,c06174b9980af42164ef25d6596fd988,train
C:\Users\user\Desktop\5000 - BETTER\data\Other\IMG_20260628_110302.jpg,Other,0.0,N/A,0.0,94172f6120399b8e43cee9ba465a1ebb,train
C:\Users\user\Desktop\5000 - BETTER\data\Other\IMG_20260628_110711.jpg,Other,0.0,N/A,0.0,634500a46654a20b37d1750b9159bafc,train
C:\Users\user\Desktop\5000 - BETTER\data\Other\IMG_20260628_111135.jpg,Other,0.0,N/A,0.0,080dbf3d284d8ddcb60ebe5df16e8d8c,val
C:\Users\user\Desktop\5000 - BETTER\data\Other\IMG_20260628_111400.jpg,Other,0.0,N/A,0.0,adcf08404b607294f7ea8ae9a0219f9e,train
C:\Users\user\Desktop\5000 - BETTER\data\Other\IMG_20260628_111406.jpg,Other,0.0,N/A,0.0,36c1e35abc8b5f235a87e8e4b504fcf3,train
C:\Users\user\Desktop\5000 - BETTER\data\Other\IMG_20260628_111409.jpg,Other,0.0,N/A,0.0,218fe3b1154d722286721611b843b05f,train
C:\Users\user\Desktop\5000 - BETTER\data\Other\IMG_20260628_111710.jpg,Other,0.0,N/A,0.0,fdf47ebbcf492af7a0b1a692d0dc31f4,val
C:\Users\user\Desktop\5000 - BETTER\data\Other\IMG_20260628_111713.jpg,Other,0.0,N/A,0.0,c7192ba8c7140eb3746f947be7702af0,val
C:\Users\user\Desktop\5000 - BETTER\data\Other\IMG_20260628_112002(1).jpg,Other,0.0,N/A,0.0,c3c9296c11c9c11594dd42ca8c797753,val
C:\Users\user\Desktop\5000 - BETTER\data\Other\IMG_20260628_112002.jpg,Other,0.0,N/A,0.0,c3c9296c11c9c11594dd42ca8c797753,val
C:\Users\user\Desktop\5000 - BETTER\data\Other\IMG_20260628_112004.jpg,Other,0.0,N/A,0.0,f52c5b643de2c5ceecbe464c2c3507ae,val
C:\Users\user\Desktop\5000 - BETTER\data\Other\IMG_20260628_112307.jpg,Other,0.0,N/A,0.0,428edf1e0431d101b5c2071420a6308c,train
C:\Users\user\Desktop\5000 - BETTER\data\Other\IMG_20260628_112308.jpg,Other,0.0,N/A,0.0,ad0e116c3c1bad145e8a5c8b28d5f840,train
C:\Users\user\Desktop\5000 - BETTER\data\Other\IMG_20260628_112309(1).jpg,Other,0.0,N/A,0.0,9021cd872838e45d9375df3de4cac73c,train
C:\Users\user\Desktop\5000 - BETTER\data\Other\IMG_20260628_112721.jpg,Other,0.0,N/A,0.0,938dae81586cf91d4a849df11775e7a6,train
C:\Users\user\Desktop\5000 - BETTER\data\Other\IMG_20260628_112801.jpg,Other,0.0,N/A,0.0,e16ef548d6dc66f9308e93f774e4332e,train
C:\Users\user\Desktop\5000 - BETTER\data\Other\IMG_20260628_113536.jpg,Other,0.0,N/A,0.0,bccfa9893a1d383224eced8d5fc92cc1,val
C:\Users\user\Desktop\5000 - BETTER\data\Other\IMG_20260628_113536_1.jpg,Other,0.0,N/A,0.0,b2a535a682c2ffb9c41ac361a3608d07,train
C:\Users\user\Desktop\5000 - BETTER\data\Other\IMG_20260628_113640.jpg,Other,0.0,N/A,0.0,db8f0365ffd528e15b287d578251d7ad,train
C:\Users\user\Desktop\5000 - BETTER\data\Other\IMG_20260628_113716.jpg,Other,0.0,N/A,0.0,f7c5cd4e52a2810a5fd4d3356dc1ed8e,val
C:\Users\user\Desktop\5000 - BETTER\data\Other\IMG_20260628_113831.jpg,Other,0.0,N/A,0.0,aebbdd160a1bc911bbcd10f01860b3c7,train
C:\Users\user\Desktop\5000 - BETTER\data\Other\IMG_20260628_114233.jpg,Other,0.0,N/A,0.0,8f0a2c7f8219f1c47e5508517120b5dd,train
C:\Users\user\Desktop\5000 - BETTER\data\Other\IMG_20260628_122819.jpg,Other,0.0,N/A,0.0,e5aa3cfe23a8397df4b0f669279d112f,train
C:\Users\user\Desktop\5000 - BETTER\data\Other\IMG_20260628_122825(1).jpg,Other,0.0,N/A,0.0,35258ca0dfe04ea199f0c3a726aa5c9a,train
C:\Users\user\Desktop\5000 - BETTER\data\Other\IMG_20260628_122825.jpg,Other,0.0,N/A,0.0,35258ca0dfe04ea199f0c3a726aa5c9a,train
C:\Users\user\Desktop\5000 - BETTER\data\Other\IMG_20260628_122835.jpg,Other,0.0,N/A,0.0,54d883d7cd9fb5a268f6c8cf42b2164e,train
C:\Users\user\Desktop\5000 - BETTER\data\Other\IMG_20260628_123243(1).jpg,Other,0.0,N/A,0.0,3faaf589b5ca585ca5e7884082704b2a,train
C:\Users\user\Desktop\5000 - BETTER\data\Other\IMG_20260628_123319.jpg,Other,0.0,N/A,0.0,a524021afc0d043623ea9f5032e87b07,train
C:\Users\user\Desktop\5000 - BETTER\data\Other\IMG_20260628_123334.jpg,Other,0.0,N/A,0.0,22ae4d5e4754fe36019ed3c2a6b47cdb,val
C:\Users\user\Desktop\5000 - BETTER\data\Other\IMG_20260628_123340.jpg,Other,0.0,N/A,0.0,40105f071ce3a30f563184518dd58737,train
C:\Users\user\Desktop\5000 - BETTER\data\Other\IMG_20260628_123559.jpg,Other,0.0,N/A,0.0,a1cf190ebb53782f597e3b0febd82b5e,val
C:\Users\user\Desktop\5000 - BETTER\data\Other\IMG_20260628_125721.jpg,Other,0.0,N/A,0.0,3ea2fc4afff752349743a8a5ee7e6860,train
C:\Users\user\Desktop\5000 - BETTER\data\Other\IMG_20260628_171649.jpg,Other,0.0,N/A,0.0,4b95a4618ec10ecc1090c0203fed84dc,val
C:\Users\user\Desktop\5000 - BETTER\data\Other\IMG_20260628_174929.jpg,Other,0.0,N/A,0.0,2ef590c004c0549cd8174a71d0c8f825,train
C:\Users\user\Desktop\5000 - BETTER\data\Other\IMG_20260628_174930.jpg,Other,0.0,N/A,0.0,c42617b269296fa1fdfe4bccdb7e9c4e,train
C:\Users\user\Desktop\5000 - BETTER\data\Other\IMG_20260628_183639.jpg,Other,0.0,N/A,0.0,1cd0e95a57a1bef9a45c2994d5f810ca,val
C:\Users\user\Desktop\5000 - BETTER\data\Other\IMG_20260628_205142.jpg,Other,0.0,N/A,0.0,dac1c2618cdc849f56681eb804411805,train
C:\Users\user\Desktop\5000 - BETTER\data\Other\IMG_20260628_212551.jpg,Other,0.0,N/A,0.0,dd56b1474cd584b16632ef59d25fb0f0,train
C:\Users\user\Desktop\5000 - BETTER\data\Other\IMG_20260628_214723.jpg,Other,0.0,N/A,0.0,6e14add5aaef4b7fe098da64a6ac29cf,train
C:\Users\user\Desktop\5000 - BETTER\data\Other\IMG_20260628_215257(1).jpg,Other,0.0,N/A,0.0,2e61d2b1422a2f96838896f6de270fe1,train
C:\Users\user\Desktop\5000 - BETTER\data\Other\IMG_20260628_215257.jpg,Other,0.0,N/A,0.0,2e61d2b1422a2f96838896f6de270fe1,train
C:\Users\user\Desktop\5000 - BETTER\data\Other\IMG_20260628_221927.jpg,Other,0.0,N/A,0.0,230cd322711c7bf7547f5ae0c89df3eb,train
C:\Users\user\Desktop\5000 - BETTER\data\Other\IMG_20260628_224211.jpg,Other,0.0,N/A,0.0,10d4eeeb920957e1373f3cfe5603a1fb,train
C:\Users\user\Desktop\5000 - BETTER\data\Other\IMG_20260629_003800.jpg,Other,0.0,N/A,0.0,d674b6d03a41049058ee9d2c03b18e06,val
C:\Users\user\Desktop\5000 - BETTER\data\Other\IMG_20260629_091906.jpg,Other,0.0,N/A,0.0,58c7b7b63d62bab19d3b2554afe85a4b,train
C:\Users\user\Desktop\5000 - BETTER\data\Other\IMG_20260629_111500.jpg,Other,0.0,N/A,0.0,45e7737f469fd3dee45a70f001b5b636,train
C:\Users\user\Desktop\5000 - BETTER\data\Other\IMG_20260629_131017.jpg,Other,0.0,N/A,0.0,a4fcef3d44b2276873d0799697db47b7,val
C:\Users\user\Desktop\5000 - BETTER\data\Other\IMG_20260630_105726.jpg,Other,0.0,N/A,0.0,cace41076efe8e66fa1cef63bbf5fd42,train
C:\Users\user\Desktop\5000 - BETTER\data\Other\IMG_20260630_172230.jpg,Other,0.0,N/A,0.0,723d8d849d3ae9f4b078f8bb207325cc,train
C:\Users\user\Desktop\5000 - BETTER\data\Other\IMG_20260630_172358.jpg,Other,0.0,N/A,0.0,150d008d90f75f64d93c59a113c461f6,val
C:\Users\user\Desktop\5000 - BETTER\data\Other\IMG_20260630_172413.jpg,Other,0.0,N/A,0.0,b8f1bfee80205871d4406b471183da5f,train
C:\Users\user\Desktop\5000 - BETTER\data\Other\IMG_20260630_172507.jpg,Other,0.0,N/A,0.0,0b4c87275b526e793b0973dd858bf81c,train
C:\Users\user\Desktop\5000 - BETTER\data\Other\IMG_20260630_172529.jpg,Other,0.0,N/A,0.0,f3633cc26e64da62906b8aa3197e1781,train
C:\Users\user\Desktop\5000 - BETTER\data\Other\IMG_20260630_172554.jpg,Other,0.0,N/A,0.0,e501f8a7816b8823b3e3b8587bf8dd3a,train
C:\Users\user\Desktop\5000 - BETTER\data\Other\IMG_20260630_172617.jpg,Other,0.0,N/A,0.0,6c4cac5fa5dd3137660c559916a9771f,train
C:\Users\user\Desktop\5000 - BETTER\data\Other\IMG_20260630_172714.jpg,Other,0.0,N/A,0.0,ba8a41f07d0e341c3762e483cf1d8053,train
C:\Users\user\Desktop\5000 - BETTER\data\Other\IMG_20260630_172759.jpg,Other,0.0,N/A,0.0,f9863ef10cac2e9cc576f32ebcf3ad2f,train
C:\Users\user\Desktop\5000 - BETTER\data\Other\IMG_20260630_172834.jpg,Other,0.0,N/A,0.0,11b4b203f21d6e058b6ec7a697c05615,train
C:\Users\user\Desktop\5000 - BETTER\data\Other\IMG_20260630_173104.jpg,Other,0.0,N/A,0.0,9d9897a295c6fb52d6d1608d5df3c610,train
C:\Users\user\Desktop\5000 - BETTER\data\Other\IMG_20260630_205346.jpg,Other,0.0,N/A,0.0,008fe24b22e572882f2a0bd67a065938,val
C:\Users\user\Desktop\5000 - BETTER\data\Other\IMG_20260630_221347.jpg,Other,0.0,N/A,0.0,9778dced35a1dfb341f06bcd2463b86f,train
C:\Users\user\Desktop\5000 - BETTER\data\Other\IMG_20260701_173448.jpg,Other,0.0,N/A,0.0,6b019d050a6aaf815a48505fe527238b,train
C:\Users\user\Desktop\5000 - BETTER\data\Other\IMG_20260701_193141.jpg,Other,0.0,N/A,0.0,0925eca9f47bc992076fdde8a209d516,train
C:\Users\user\Desktop\5000 - BETTER\data\Other\IMG_20260701_193154.jpg,Other,0.0,N/A,0.0,7267ab50590e93a4f74b646359b26c8a,train
C:\Users\user\Desktop\5000 - BETTER\data\Other\IMG_20260701_210107.jpg,Other,0.0,N/A,0.0,c24d2b977fb1d48e4572e41b5a476606,train
C:\Users\user\Desktop\5000 - BETTER\data\Other\IMG_20260702_121254.jpg,Other,0.0,N/A,0.0,948f9a2b13c072f5d001e0ba7989870a,train
C:\Users\user\Desktop\5000 - BETTER\data\Other\IMG_20260702_192006.jpg,Other,0.0,N/A,0.0,e1fa9e1c1289168c34d04d5d2da69fac,train
C:\Users\user\Desktop\5000 - BETTER\data\Other\IMG_20260703_131738.jpg,Other,0.0,N/A,0.0,e59a0b9c21902a1804b73c39278792ef,train
C:\Users\user\Desktop\5000 - BETTER\data\Other\IMG_20260703_131744.jpg,Other,0.0,N/A,0.0,0bfcebf0a67f25df9114ed5cd3658667,train
C:\Users\user\Desktop\5000 - BETTER\data\Other\IMG_20260703_131758.jpg,Other,0.0,N/A,0.0,b67b866f0bcb399db39a662cc6714e3e,train
C:\Users\user\Desktop\5000 - BETTER\data\Other\IMG_20260704_003349.jpg,Other,0.0,N/A,0.0,9737601fceaa92d403dcc69b18d0088e,train
C:\Users\user\Desktop\5000 - BETTER\data\Other\IMG_20260704_163611.jpg,Other,0.0,N/A,0.0,ca8b4e005cc724bf77432889f60e5225,train
C:\Users\user\Desktop\5000 - BETTER\data\Other\IMG_20260704_171513.jpg,Other,0.0,N/A,0.0,261b4a23ce11aad82ae61966f360069b,train
C:\Users\user\Desktop\5000 - BETTER\data\Other\IMG_20260706_144510_533.jpg,Other,0.0,N/A,0.0,83e175ac52bc68de6979949a7bb89242,train
C:\Users\user\Desktop\5000 - BETTER\data\Other\IMG_20260706_210631.jpg,Other,0.0,N/A,0.0,d1228a72b8adc77eeb2008643d7bfc34,train
C:\Users\user\Desktop\5000 - BETTER\data\Other\IMG_20260707_161725.jpg,Other,0.0,N/A,0.0,6f3bc61ee69063c5de291403b67e07ba,val
C:\Users\user\Desktop\5000 - BETTER\data\Other\IMG_20260707_162334.jpg,Other,0.0,N/A,0.0,101f3a1bfe307d945883ea3bd7063059,train
C:\Users\user\Desktop\5000 - BETTER\data\Other\IMG_20260707_223935.jpg,Other,0.0,N/A,0.0,958fbe9d6cda70a10fca642abf49dece,val
C:\Users\user\Desktop\5000 - BETTER\data\Other\IMG_20260708_161942.jpg,Other,0.0,N/A,0.0,d14f031167ae6f351631371aeb0102a1,train
C:\Users\user\Desktop\5000 - BETTER\data\Other\IMG_20260709_001301.jpg,Other,0.0,N/A,0.0,9c6de7526be59a25aac3407014a9d465,train
C:\Users\user\Desktop\5000 - BETTER\data\Other\IMG_20260709_111656.jpg,Other,0.0,N/A,0.0,f59cb700ddd0a4d42157da214eeee84b,train
C:\Users\user\Desktop\5000 - BETTER\data\Other\IMG_20260710_133107.jpg,Other,0.0,N/A,0.0,be4162183d97ce24a55e64e616914bc2,train
C:\Users\user\Desktop\5000 - BETTER\data\Other\IMG_20260712_192644.jpg,Other,0.0,N/A,0.0,cc316309e916572ef89d970833e55532,train
C:\Users\user\Desktop\5000 - BETTER\data\Other\IMG_20260712_192648.jpg,Other,0.0,N/A,0.0,f0d79eb93787ebf35ba929f1bc305743,train
C:\Users\user\Desktop\5000 - BETTER\data\Other\IMG_20260713_153931.jpg,Other,0.0,N/A,0.0,4d46485d4834a61e5c6406098244309d,train
C:\Users\user\Desktop\5000 - BETTER\data\Other\IMG_20260713_173103.jpg,Other,0.0,N/A,0.0,2fa200c3be09d17791c0c59af8327d10,train
C:\Users\user\Desktop\5000 - BETTER\data\Other\IMG_20260713_173221.jpg,Other,0.0,N/A,0.0,b90680ebb6de64af1aad3b66a7327ed2,train
C:\Users\user\Desktop\5000 - BETTER\data\Other\IMG_20260713_174021.jpg,Other,0.0,N/A,0.0,ebf040b6b81e0db6124bd27549a5f053,train
C:\Users\user\Desktop\5000 - BETTER\data\Other\IMG_20260714_114856.jpg,Other,0.0,N/A,0.0,b32f8cf965db9ba313b55fe72ff1adbf,train
C:\Users\user\Desktop\5000 - BETTER\data\Other\IMG_20260714_173132.jpg,Other,0.0,N/A,0.0,24636c85920419d8a5b93298c6c76e2a,val
C:\Users\user\Desktop\5000 - BETTER\data\Other\IMG_20260714_195006.jpg,Other,0.0,N/A,0.0,516571c38f3817a3beefcd3596357ea6,train
C:\Users\user\Desktop\5000 - BETTER\data\Other\IMG_20260714_202243.jpg,Other,0.0,N/A,0.0,157af0edda79416b5d825b6a7a28c875,train
C:\Users\user\Desktop\5000 - BETTER\data\Other\IMG_20260714_204852.jpg,Other,0.0,N/A,0.0,d9a699b6e95230a784864cd813b492af,train
C:\Users\user\Desktop\5000 - BETTER\data\Other\IMG_20260714_222645.jpg,Other,0.0,N/A,0.0,4068df4fd4ce6a9b7d8eb4a4bd83b049,val
C:\Users\user\Desktop\5000 - BETTER\data\Other\IMG_20260714_230102.jpg,Other,0.0,N/A,0.0,6a268d5084c8faa05c83c4df24a51399,train
C:\Users\user\Desktop\5000 - BETTER\data\Other\IMG_20260715_163712.jpg,Other,0.0,N/A,0.0,893526108f908744f2f7e60724331f32,train
C:\Users\user\Desktop\5000 - BETTER\data\Other\IMG_20260715_164137.jpg,Other,0.0,N/A,0.0,140b938c07d02938ed4890f14b94dffb,train
C:\Users\user\Desktop\5000 - BETTER\data\Other\IMG_20260715_193909.jpg,Other,0.0,N/A,0.0,e72c1c673653d3e18d947c529519035c,train
C:\Users\user\Desktop\5000 - BETTER\data\Other\IMG_20260715_204916.jpg,Other,0.0,N/A,0.0,cef87968686e36f2673aadbc908596d6,train
C:\Users\user\Desktop\5000 - BETTER\data\Other\IMG_20260716_142832.jpg,Other,0.0,N/A,0.0,742cc526f77bfbedbadf13c23852cb35,train
C:\Users\user\Desktop\5000 - BETTER\data\Other\IMG_20260716_183555_edit_31919.jpg,Other,0.0,N/A,0.0,740580d6e4b67b2e069d421b2ab17099,train
C:\Users\user\Desktop\5000 - BETTER\data\Other\IMG_20260716_192135.jpg,Other,0.0,N/A,0.0,9e983f0ebe2c6a71f5bb49f8e9814948,val
C:\Users\user\Desktop\5000 - BETTER\data\Other\IMG_20260716_192805.jpg,Other,0.0,N/A,0.0,917018ec9fced487ccf9e5231a8090be,train
C:\Users\user\Desktop\5000 - BETTER\data\Other\IMG_20260716_193051.jpg,Other,0.0,N/A,0.0,5db60eb28d602bafa54735eeba930deb,val
C:\Users\user\Desktop\5000 - BETTER\data\Other\IMG_20260716_221145.jpg,Other,0.0,N/A,0.0,0e0fec4f8e30991d88fe283b51645b04,train
C:\Users\user\Desktop\5000 - BETTER\data\Other\IMG_20260717_183954.jpg,Other,0.0,N/A,0.0,174dbed1490daadd73ab4d350a040fae,train
C:\Users\user\Desktop\5000 - BETTER\data\Other\IMG_20260718_152511.jpg,Other,0.0,N/A,0.0,878f8b780d78a4bb0d4669430039e290,train
C:\Users\user\Desktop\5000 - BETTER\data\Other\IMG_20260718_231917.jpg,Other,0.0,N/A,0.0,6ddd502b161ace5cd549fe4ace21ecf5,train
C:\Users\user\Desktop\5000 - BETTER\data\Other\IMG_20260720_094255.jpg,Other,0.0,N/A,0.0,e5d37395c6241fa081e3e9352f9081d1,train
C:\Users\user\Desktop\5000 - BETTER\data\Other\IMG_20260720_094710.jpg,Other,0.0,N/A,0.0,7172ac23a75c9bba914596a95d9251d3,train
C:\Users\user\Desktop\5000 - BETTER\data\Other\IMG_20260720_122522.jpg,Other,0.0,N/A,0.0,cffd705cd72d9a3915ed53242a73ba07,train
C:\Users\user\Desktop\5000 - BETTER\data\Other\IMG_20260720_182502.jpg,Other,0.0,N/A,0.0,2db65406569e058d13b59fe55db6a1ff,train
C:\Users\user\Desktop\5000 - BETTER\data\Other\IMG_20260720_185815.jpg,Other,0.0,N/A,0.0,21c408dd6766014264697b7f28505b1b,train
C:\Users\user\Desktop\5000 - BETTER\data\Other\Messenger_creation_9215BBCB-87E7-4BEB-BFF7-DCF66D4F9AF2.jpeg,Other,0.0,N/A,0.0,aad8d68544133db2591dd8eab964a15e,val
C:\Users\user\Desktop\5000 - BETTER\data\Other\Messenger_creation_D3479DD9-5610-4011-81BD-F250D10ED23E.jpeg,Other,0.0,N/A,0.0,d3220e61f6f73ffe3433dc1a49d17fc5,train
C:\Users\user\Desktop\5000 - BETTER\data\Other\Messenger_creation_DE6E02B9-8CDB-48D3-B1D0-1B226E1F9CB7.jpeg,Other,0.0,N/A,0.0,058620fdc532aa0e59d4e8268ce297c9,train
C:\Users\user\Desktop\5000 - BETTER\data\Other\Screenshot_20260608_140654.jpg,Other,0.0,N/A,0.0,f6a5e9b4ac7ba0e6b3deda4015695bb4,train
C:\Users\user\Desktop\5000 - BETTER\data\Other\Screenshot_20260608_140728.jpg,Other,0.0,N/A,0.0,6c35b14d63016f59a627e696fc2382fe,val
C:\Users\user\Desktop\5000 - BETTER\data\Other\Screenshot_20260608_163609.jpg,Other,0.0,N/A,0.0,fcc099e4d0c82edcd875114aeec1b24a,train
C:\Users\user\Desktop\5000 - BETTER\data\Other\Screenshot_20260608_193752.jpg,Other,0.0,N/A,0.0,b74c675b1d198a4006fc9431cbb81174,train
C:\Users\user\Desktop\5000 - BETTER\data\Other\Screenshot_20260608_194441.jpg,Other,0.0,N/A,0.0,f8bf3f0c26b93d5d55c6c0bb8a569dc2,train
C:\Users\user\Desktop\5000 - BETTER\data\Other\Screenshot_20260608_213237.jpg,Other,0.0,N/A,0.0,98b5d63e36dbdf87f21f397ae9bc8ad7,train
C:\Users\user\Desktop\5000 - BETTER\data\Other\Screenshot_20260610_125759.jpg,Other,0.0,N/A,0.0,6339b1a10f0ca86fcc815a945ad45803,train
C:\Users\user\Desktop\5000 - BETTER\data\Other\Screenshot_20260610_203128.jpg,Other,0.0,N/A,0.0,a94ba698ba149b2739bd7f7a452672c0,train
C:\Users\user\Desktop\5000 - BETTER\data\Other\Screenshot_20260611_183014.jpg,Other,0.0,N/A,0.0,574856fd45018019a66583f6975c8824,train
C:\Users\user\Desktop\5000 - BETTER\data\Other\Screenshot_20260611_221250.jpg,Other,0.0,N/A,0.0,57d6dae6693e7f4273b4a69b326884ec,train
C:\Users\user\Desktop\5000 - BETTER\data\Other\Screenshot_20260612_001700.jpg,Other,0.0,N/A,0.0,63a9d14660d561394637387c9f8f45fc,train
C:\Users\user\Desktop\5000 - BETTER\data\Other\Screenshot_20260612_123012.jpg,Other,0.0,N/A,0.0,09a856cb9fb4d2a9cc4cedf28ab44d29,val
C:\Users\user\Desktop\5000 - BETTER\data\Other\Screenshot_20260612_131001.jpg,Other,0.0,N/A,0.0,32eb947e722fc4811f8b552519e15fec,train
C:\Users\user\Desktop\5000 - BETTER\data\Other\Screenshot_20260613_202020.jpg,Other,0.0,N/A,0.0,422acc6a9007f8529b3fb21a59c5209a,train
C:\Users\user\Desktop\5000 - BETTER\data\Other\Screenshot_20260614_142808.jpg,Other,0.0,N/A,0.0,e9f574b0357d823f6627ef84b92e7b71,train
C:\Users\user\Desktop\5000 - BETTER\data\Other\Screenshot_20260615_120153.jpg,Other,0.0,N/A,0.0,10940ea7c688bf120cb09658281459b3,train
C:\Users\user\Desktop\5000 - BETTER\data\Other\Screenshot_20260615_131705.jpg,Other,0.0,N/A,0.0,ff263a2296776f4b643a4518412df2d2,train
C:\Users\user\Desktop\5000 - BETTER\data\Other\Screenshot_20260615_155137.jpg,Other,0.0,N/A,0.0,5348d6ab1ab10491f173ec518145e384,val
C:\Users\user\Desktop\5000 - BETTER\data\Other\Screenshot_20260615_171406.jpg,Other,0.0,N/A,0.0,bac81a7f839ae61c7c84f7b68510924d,train
C:\Users\user\Desktop\5000 - BETTER\data\Other\Screenshot_20260615_231104.jpg,Other,0.0,N/A,0.0,ae90d6d0e3e7bd00d9ab887cc88f655b,train
C:\Users\user\Desktop\5000 - BETTER\data\Other\Screenshot_20260616_234238.jpg,Other,0.0,N/A,0.0,209cd3cf994d0645b15b4ec8ddc8e347,train
C:\Users\user\Desktop\5000 - BETTER\data\Other\Screenshot_20260617_091446.jpg,Other,0.0,N/A,0.0,c9e5fed1d86a4f63f0f5b16f8a534000,train
C:\Users\user\Desktop\5000 - BETTER\data\Other\Screenshot_20260617_123021.jpg,Other,0.0,N/A,0.0,8b82f993cc57889012973cbf74dc6f3e,train
C:\Users\user\Desktop\5000 - BETTER\data\Other\Screenshot_20260617_123045.jpg,Other,0.0,N/A,0.0,d00c0ef888a944d9d2484b0a872e55f4,train
C:\Users\user\Desktop\5000 - BETTER\data\Other\Screenshot_20260617_123736.jpg,Other,0.0,N/A,0.0,43d2533e3b639674e6d9a4436c457a43,train
C:\Users\user\Desktop\5000 - BETTER\data\Other\Screenshot_20260618_115650.jpg,Other,0.0,N/A,0.0,1f2e60df2394f1908318ca75ad061550,train
C:\Users\user\Desktop\5000 - BETTER\data\Other\Screenshot_20260618_115953.jpg,Other,0.0,N/A,0.0,a6b1c6766361f965b5caf82616bbbf4e,train
C:\Users\user\Desktop\5000 - BETTER\data\Other\Screenshot_20260618_121923.jpg,Other,0.0,N/A,0.0,d215ed6fb3b50a9464ec9d13a3d7d0d3,val
C:\Users\user\Desktop\5000 - BETTER\data\Other\Screenshot_20260620_164125.jpg,Other,0.0,N/A,0.0,188fdd81e09b0cd40371d7f5fa3c88d8,train
C:\Users\user\Desktop\5000 - BETTER\data\Other\Screenshot_20260620_182035.jpg,Other,0.0,N/A,0.0,cf68b1ec50930e05460f860b59d1d465,val
C:\Users\user\Desktop\5000 - BETTER\data\Other\Screenshot_20260622_235648.jpg,Other,0.0,N/A,0.0,11c17a978bbf8ff6db4125bd2f313c05,train
C:\Users\user\Desktop\5000 - BETTER\data\Other\Screenshot_20260623_024823.jpg,Other,0.0,N/A,0.0,3b95c7401ceb103288f6ae7f84147767,val
C:\Users\user\Desktop\5000 - BETTER\data\Other\Screenshot_20260623_113314.jpg,Other,0.0,N/A,0.0,ad6eb07296ea8a91868623de801a4a61,train
C:\Users\user\Desktop\5000 - BETTER\data\Other\Screenshot_20260623_123539.jpg,Other,0.0,N/A,0.0,45798c40e263fc4f673da76d373d7735,train
C:\Users\user\Desktop\5000 - BETTER\data\Other\Screenshot_20260624_204727.jpg,Other,0.0,N/A,0.0,59c5bd5b0046609cc2346a44a5c367f8,val
C:\Users\user\Desktop\5000 - BETTER\data\Other\Screenshot_20260626_122452.jpg,Other,0.0,N/A,0.0,003067c9c934654354eecc4645b4b5c6,train
C:\Users\user\Desktop\5000 - BETTER\data\Other\Screenshot_20260626_132108.jpg,Other,0.0,N/A,0.0,775d09230e1f222409af5e79a37c91dd,train
C:\Users\user\Desktop\5000 - BETTER\data\Other\Screenshot_20260627_013010.jpg,Other,0.0,N/A,0.0,1dd2bf996bfb8c6da6d5ea3a6ea4144c,val
C:\Users\user\Desktop\5000 - BETTER\data\Other\Screenshot_20260627_131327.jpg,Other,0.0,N/A,0.0,9650a60d5b0ffb7ecd8375e52db29c1b,train
C:\Users\user\Desktop\5000 - BETTER\data\Other\Screenshot_20260628_012315.jpg,Other,0.0,N/A,0.0,c61d5c4b46bfe1684519fc9cf0d845c2,train
C:\Users\user\Desktop\5000 - BETTER\data\Other\Screenshot_20260628_080249.jpg,Other,0.0,N/A,0.0,6dae28b20dbadb1bcd273fc5db019b33,train
C:\Users\user\Desktop\5000 - BETTER\data\Other\Screenshot_20260630_105538.jpg,Other,0.0,N/A,0.0,ff853eb54b7992db733ff1d303f34d96,train
C:\Users\user\Desktop\5000 - BETTER\data\Other\Screenshot_20260630_220954.jpg,Other,0.0,N/A,0.0,e4a4fe3e47f6e2e9265ee20758f04652,val
C:\Users\user\Desktop\5000 - BETTER\data\Other\Screenshot_20260701_095536.jpg,Other,0.0,N/A,0.0,b6d63a4f8eff740ce973103fd50f0fe4,train
C:\Users\user\Desktop\5000 - BETTER\data\Other\Screenshot_20260701_125049.jpg,Other,0.0,N/A,0.0,5e58dd5648e281cc3872ce221f58e0b4,val
C:\Users\user\Desktop\5000 - BETTER\data\Other\Screenshot_20260701_141413.jpg,Other,0.0,N/A,0.0,f80eaa8468a737e370245ab4967d8af9,train
C:\Users\user\Desktop\5000 - BETTER\data\Other\Screenshot_20260701_144737.jpg,Other,0.0,N/A,0.0,757d623de6dec1ed3014ad334bfe977b,train
C:\Users\user\Desktop\5000 - BETTER\data\Other\Screenshot_20260701_220622.jpg,Other,0.0,N/A,0.0,b9219ab954597ab90e83ac0b3a507d00,train
C:\Users\user\Desktop\5000 - BETTER\data\Other\Screenshot_20260701_223807.jpg,Other,0.0,N/A,0.0,432e0b26a2fcf58056a4bf39ae58345a,train
C:\Users\user\Desktop\5000 - BETTER\data\Other\Screenshot_20260702_000952.jpg,Other,0.0,N/A,0.0,ba490213aedfa3a7576d3cb2cd8f044b,train
C:\Users\user\Desktop\5000 - BETTER\data\Other\Screenshot_20260702_001159.jpg,Other,0.0,N/A,0.0,ee6d5fcecfbc1542418b3268c596fab5,train
C:\Users\user\Desktop\5000 - BETTER\data\Other\Screenshot_20260702_001214.jpg,Other,0.0,N/A,0.0,dfe22c1bc2923ee5fa7bc3da3eeb53d5,train
C:\Users\user\Desktop\5000 - BETTER\data\Other\Screenshot_20260702_123032.jpg,Other,0.0,N/A,0.0,ca7f9883a25bd45690965a8dc099e2a5,train
C:\Users\user\Desktop\5000 - BETTER\data\Other\Screenshot_20260702_190902.jpg,Other,0.0,N/A,0.0,34b0b4f155b8c5eaf5821fd4554b891c,train
C:\Users\user\Desktop\5000 - BETTER\data\Other\Screenshot_20260702_202629.jpg,Other,0.0,N/A,0.0,8d46b3ecd27beb5ca7fe31fd31f363b3,val
C:\Users\user\Desktop\5000 - BETTER\data\Other\Screenshot_20260703_210857.jpg,Other,0.0,N/A,0.0,36c397ef2e67340fb21be120375369b2,train
C:\Users\user\Desktop\5000 - BETTER\data\Other\Screenshot_20260704_114851.jpg,Other,0.0,N/A,0.0,39512ba3e4d6e5201a5c85a654faffea,train
C:\Users\user\Desktop\5000 - BETTER\data\Other\Screenshot_20260704_120810.jpg,Other,0.0,N/A,0.0,300cc1e0918dc4b70bccb227318ac34d,train
C:\Users\user\Desktop\5000 - BETTER\data\Other\Screenshot_20260704_152555.jpg,Other,0.0,N/A,0.0,9e7bd4badc0611abbafb05bdc3cf81ce,train
C:\Users\user\Desktop\5000 - BETTER\data\Other\Screenshot_20260704_172023.jpg,Other,0.0,N/A,0.0,7021c8ceea9567d5dddc9a007383b8c4,train
C:\Users\user\Desktop\5000 - BETTER\data\Other\Screenshot_20260704_213623.jpg,Other,0.0,N/A,0.0,7e08bac2be7ee4073418d9ecd201ac59,val
C:\Users\user\Desktop\5000 - BETTER\data\Other\Screenshot_20260704_213658.jpg,Other,0.0,N/A,0.0,ce786b820ab52c419afb1ac7369811cb,train
C:\Users\user\Desktop\5000 - BETTER\data\Other\Screenshot_20260706_122218.jpg,Other,0.0,N/A,0.0,38ea35f62fa147b6e3ae4bc18028db0d,train
C:\Users\user\Desktop\5000 - BETTER\data\Other\Screenshot_20260706_122649.jpg,Other,0.0,N/A,0.0,6d4b61d862eb2ca31496289f783de54a,val
C:\Users\user\Desktop\5000 - BETTER\data\Other\Screenshot_20260706_124051.jpg,Other,0.0,N/A,0.0,17d296e0c3599f21fed6115dc57773b8,train
C:\Users\user\Desktop\5000 - BETTER\data\Other\Screenshot_20260706_135928.jpg,Other,0.0,N/A,0.0,32c4e534b01f15de8f06a156247231ae,train
C:\Users\user\Desktop\5000 - BETTER\data\Other\Screenshot_20260706_153552.jpg,Other,0.0,N/A,0.0,ca89b42c03bc2b0ffadc78b259f3894f,train
C:\Users\user\Desktop\5000 - BETTER\data\Other\Screenshot_20260707_162502.jpg,Other,0.0,N/A,0.0,6eb907e66d85bed7fa996723e8bf9b39,train
C:\Users\user\Desktop\5000 - BETTER\data\Other\Screenshot_20260708_081142.jpg,Other,0.0,N/A,0.0,7a697fe0bf344691f641171de526bb80,val
C:\Users\user\Desktop\5000 - BETTER\data\Other\Screenshot_20260708_122153.jpg,Other,0.0,N/A,0.0,62eb823cc680285153f558e161d7a30a,val
C:\Users\user\Desktop\5000 - BETTER\data\Other\Screenshot_20260708_190510.jpg,Other,0.0,N/A,0.0,9aac436169bb2b0547ab660601a20eab,train
C:\Users\user\Desktop\5000 - BETTER\data\Other\Screenshot_20260709_183057.jpg,Other,0.0,N/A,0.0,726b38880b85c1c802b8ad5da3257db2,train
C:\Users\user\Desktop\5000 - BETTER\data\Other\Screenshot_20260711_003742.jpg,Other,0.0,N/A,0.0,66e2e2559660da9d1b8daaff91cd8a06,train
C:\Users\user\Desktop\5000 - BETTER\data\Other\Screenshot_20260711_003833.jpg,Other,0.0,N/A,0.0,267bd64e49c19d5b2e4574385bc0bd38,train
C:\Users\user\Desktop\5000 - BETTER\data\Other\Screenshot_20260711_234527.jpg,Other,0.0,N/A,0.0,7c680e8cea70383cbfb40668ded76a4a,val
C:\Users\user\Desktop\5000 - BETTER\data\Other\Screenshot_20260713_004123.jpg,Other,0.0,N/A,0.0,ba85ffa48459db5ffc3188615cb6e124,train
C:\Users\user\Desktop\5000 - BETTER\data\Other\Screenshot_20260714_120142.jpg,Other,0.0,N/A,0.0,0eb67c5ffee371e5bdc1ca66efe55acd,train
C:\Users\user\Desktop\5000 - BETTER\data\Other\Screenshot_20260714_152114.jpg,Other,0.0,N/A,0.0,4723eb72f51363d28c2ed58a0819d33d,train
C:\Users\user\Desktop\5000 - BETTER\data\Other\Screenshot_20260714_171843.jpg,Other,0.0,N/A,0.0,a11303c688974965848250946ac78064,train
C:\Users\user\Desktop\5000 - BETTER\data\Other\Screenshot_20260714_182919.jpg,Other,0.0,N/A,0.0,c781196a83b94b8b5a23aa1113c32bd1,train
C:\Users\user\Desktop\5000 - BETTER\data\Other\Screenshot_20260714_182925.jpg,Other,0.0,N/A,0.0,da310163f66cc4ec451e8c1418a326f3,train
C:\Users\user\Desktop\5000 - BETTER\data\Other\Screenshot_20260715_170942.jpg,Other,0.0,N/A,0.0,b0465bf505c2046d9c2503aa38de8475,val
C:\Users\user\Desktop\5000 - BETTER\data\Other\Screenshot_20260715_194052.jpg,Other,0.0,N/A,0.0,6a75b5fd201e78c610e251913867fe2e,train
C:\Users\user\Desktop\5000 - BETTER\data\Other\Screenshot_20260715_201355.jpg,Other,0.0,N/A,0.0,36cc4f1dbd12a1103594d0e85563091b,train
C:\Users\user\Desktop\5000 - BETTER\data\Other\Screenshot_20260715_231214.jpg,Other,0.0,N/A,0.0,996c02ed36340d15b71bfe280868e421,train
C:\Users\user\Desktop\5000 - BETTER\data\Other\Screenshot_20260718_010438.jpg,Other,0.0,N/A,0.0,90414d9af2540e7bcbb87ba3efa1425c,train
C:\Users\user\Desktop\5000 - BETTER\data\Other\Screenshot_20260720_222736.jpg,Other,0.0,N/A,0.0,69fc45c58a282bf15272b94295e3bc76,train
C:\Users\user\Desktop\5000 - BETTER\data\Other\threads-circle-prelt.752159.png,Other,0.0,N/A,0.0,16ad9f26909f6d4158f30a809640b8cf,val
C:\Users\user\Desktop\5000 - BETTER\data\Other\Videoshot_20260628_025740.jpg,Other,0.0,N/A,0.0,6708885b412290004a118bac64560b8f,train
C:\Users\user\Desktop\5000 - BETTER\data\Other\螢幕擷取畫面 2026-07-02 184735.png,Other,0.0,N/A,0.0,21c5cb6ebcb8f865849d37529b4e9c71,train
C:\Users\user\Desktop\5000 - BETTER\data\Other\解答p.1期中考20260621_212857.jpg,Other,0.0,N/A,0.0,af64253bd101b17a2af7e1936e0c0ff0,val
C:\Users\user\Desktop\5000 - BETTER\data\Peripheral_Milling\5000\5000-0\20260630164028698.jpg,Peripheral_Milling,5000.0,5000-0,2.0276,dbbad14e0f63f058b0ad10521c15d6b5,train
C:\Users\user\Desktop\5000 - BETTER\data\Peripheral_Milling\5000\5000-0\20260630164047244.jpg,Peripheral_Milling,5000.0,5000-0,2.0276,3ec4e378097b0cc0441feb65d10fe78d,val
C:\Users\user\Desktop\5000 - BETTER\data\Peripheral_Milling\5000\5000-0\20260630164052352.jpg,Peripheral_Milling,5000.0,5000-0,2.0276,446f81eacdbbdde58ea08c31d9a06405,train
C:\Users\user\Desktop\5000 - BETTER\data\Peripheral_Milling\5000\5000-0\20260630164101164.jpg,Peripheral_Milling,5000.0,5000-0,2.0276,ff2b34dda28c2ec7a5e6c64754e49ace,train
C:\Users\user\Desktop\5000 - BETTER\data\Peripheral_Milling\5000\5000-0\20260630164110286.jpg,Peripheral_Milling,5000.0,5000-0,2.0276,10124b4b81e73ee779cb3c38a5f696db,val
C:\Users\user\Desktop\5000 - BETTER\data\Peripheral_Milling\5000\5000-0\20260630164122461.jpg,Peripheral_Milling,5000.0,5000-0,2.0276,ae30d8663f06040fad95b94002379ee9,train
C:\Users\user\Desktop\5000 - BETTER\data\Peripheral_Milling\5000\5000-0\20260630164132739.jpg,Peripheral_Milling,5000.0,5000-0,2.0276,21bd5f216eafadca427d7ce6599cb0e1,train
C:\Users\user\Desktop\5000 - BETTER\data\Peripheral_Milling\5000\5000-0\20260630164137129.jpg,Peripheral_Milling,5000.0,5000-0,2.0276,9ac3581a211060f715898b5d57c20a35,train
C:\Users\user\Desktop\5000 - BETTER\data\Peripheral_Milling\5000\5000-0\20260630164145165.jpg,Peripheral_Milling,5000.0,5000-0,2.0276,14086393f3251db5de146fe2b4285223,train
C:\Users\user\Desktop\5000 - BETTER\data\Peripheral_Milling\5000\5000-0\20260630164150996.jpg,Peripheral_Milling,5000.0,5000-0,2.0276,7bb6652e418b5745d2a2f0b93dd7dc91,train
C:\Users\user\Desktop\5000 - BETTER\data\Peripheral_Milling\5000\5000-0\20260630164155730.jpg,Peripheral_Milling,5000.0,5000-0,2.0276,71079d6d5fc8784a8b79a284ab5bc987,train
C:\Users\user\Desktop\5000 - BETTER\data\Peripheral_Milling\5000\5000-1\20260630170038207.jpg,Peripheral_Milling,5000.0,5000-1,1.6932,9ac429a41b04455646dd8fd378fd9413,train
C:\Users\user\Desktop\5000 - BETTER\data\Peripheral_Milling\5000\5000-1\20260630170049864.jpg,Peripheral_Milling,5000.0,5000-1,1.6932,2d452535f7bca3d7e98134b6a24b24bd,train
C:\Users\user\Desktop\5000 - BETTER\data\Peripheral_Milling\5000\5000-1\20260630170104807.jpg,Peripheral_Milling,5000.0,5000-1,1.6932,adc24038a5322d2ce793110c6bc5bc64,val
C:\Users\user\Desktop\5000 - BETTER\data\Peripheral_Milling\5000\5000-1\20260630170108327.jpg,Peripheral_Milling,5000.0,5000-1,1.6932,90c2dcd8c25ea656a73b8b986cc22698,val
C:\Users\user\Desktop\5000 - BETTER\data\Peripheral_Milling\5000\5000-1\20260630170111875.jpg,Peripheral_Milling,5000.0,5000-1,1.6932,d1ffc9583859d5092e7d6849fee1834a,train
C:\Users\user\Desktop\5000 - BETTER\data\Peripheral_Milling\5000\5000-1\20260630170118819.jpg,Peripheral_Milling,5000.0,5000-1,1.6932,f43d258ecfc84a69e83b3a6794b3e7f3,train
C:\Users\user\Desktop\5000 - BETTER\data\Peripheral_Milling\5000\5000-1\20260630170125039.jpg,Peripheral_Milling,5000.0,5000-1,1.6932,aae46eda66ac4626b33c478a08571c3f,train
C:\Users\user\Desktop\5000 - BETTER\data\Peripheral_Milling\5000\5000-1\20260630170135059.jpg,Peripheral_Milling,5000.0,5000-1,1.6932,fbaf372921ecbe4f905c4e4546bd45cf,train
C:\Users\user\Desktop\5000 - BETTER\data\Peripheral_Milling\5000\5000-1\20260630170138265.jpg,Peripheral_Milling,5000.0,5000-1,1.6932,6d1daffdd1818580de3fa5b741a777ba,train
C:\Users\user\Desktop\5000 - BETTER\data\Peripheral_Milling\5000\5000-1\20260630170148747.jpg,Peripheral_Milling,5000.0,5000-1,1.6932,0e64d208d8dc196e7a08be189eb27bdc,train
C:\Users\user\Desktop\5000 - BETTER\data\Peripheral_Milling\5000\5000-11\20260916163627477.jpg,Peripheral_Milling,5000.0,5000-11,1.1306,1f67c81e4ae32cc7ce4cbe4d96059f2f,train
C:\Users\user\Desktop\5000 - BETTER\data\Peripheral_Milling\5000\5000-11\20260916163630357.jpg,Peripheral_Milling,5000.0,5000-11,1.1306,962505eb496985002eab2cbb3604a82f,train
C:\Users\user\Desktop\5000 - BETTER\data\Peripheral_Milling\5000\5000-11\20260916163634301.jpg,Peripheral_Milling,5000.0,5000-11,1.1306,053b1483302ded746efb1ace19d6b45b,val
C:\Users\user\Desktop\5000 - BETTER\data\Peripheral_Milling\5000\5000-11\20260916163636573.jpg,Peripheral_Milling,5000.0,5000-11,1.1306,a2ee1e8a041140d88044f5fe066725f9,val
C:\Users\user\Desktop\5000 - BETTER\data\Peripheral_Milling\5000\5000-11\20260916163639189.jpg,Peripheral_Milling,5000.0,5000-11,1.1306,916a64aad576f8049ba19443f1b319b7,train
C:\Users\user\Desktop\5000 - BETTER\data\Peripheral_Milling\5000\5000-11\20260916163641437.jpg,Peripheral_Milling,5000.0,5000-11,1.1306,8ca66841b21048c556d9cdacae0fe3ab,train
C:\Users\user\Desktop\5000 - BETTER\data\Peripheral_Milling\5000\5000-11\20260916163644621.jpg,Peripheral_Milling,5000.0,5000-11,1.1306,78e284468984b5aaf68aed5f92ba4a32,train
C:\Users\user\Desktop\5000 - BETTER\data\Peripheral_Milling\5000\5000-11\20260916163647573.jpg,Peripheral_Milling,5000.0,5000-11,1.1306,3cf83a0e76357aded66cecb7894a9f20,train
C:\Users\user\Desktop\5000 - BETTER\data\Peripheral_Milling\5000\5000-11\20260916163651917.jpg,Peripheral_Milling,5000.0,5000-11,1.1306,96c0d62ad823d5f80fead52f16c60197,train
C:\Users\user\Desktop\5000 - BETTER\data\Peripheral_Milling\5000\5000-11\20260916163653597.jpg,Peripheral_Milling,5000.0,5000-11,1.1306,d9614815d2c65a30323129bddf50261b,train
C:\Users\user\Desktop\5000 - BETTER\data\Peripheral_Milling\5000\5000-11\20260916163655149.jpg,Peripheral_Milling,5000.0,5000-11,1.1306,3aba95ebf7933e4c030dd7699c714c93,train
C:\Users\user\Desktop\5000 - BETTER\data\Peripheral_Milling\5000\5000-12\20260916164641629.jpg,Peripheral_Milling,5000.0,5000-12,1.818,2644603712c9cc512192a0bb29b1009e,train
C:\Users\user\Desktop\5000 - BETTER\data\Peripheral_Milling\5000\5000-12\20260916164646333.jpg,Peripheral_Milling,5000.0,5000-12,1.818,bbd2f9a3fa9bdac2901f1e360efdfcfb,train
C:\Users\user\Desktop\5000 - BETTER\data\Peripheral_Milling\5000\5000-12\20260916164654086.jpg,Peripheral_Milling,5000.0,5000-12,1.818,51c05e64311bcc63de56db286d05e6d8,train
C:\Users\user\Desktop\5000 - BETTER\data\Peripheral_Milling\5000\5000-12\20260916164657477.jpg,Peripheral_Milling,5000.0,5000-12,1.818,b8f3ab57fd4520190687c49bca26f154,train
C:\Users\user\Desktop\5000 - BETTER\data\Peripheral_Milling\5000\5000-12\20260916164658918.jpg,Peripheral_Milling,5000.0,5000-12,1.818,e974caa4bdae31acd1998e51a02ad181,val
C:\Users\user\Desktop\5000 - BETTER\data\Peripheral_Milling\5000\5000-12\20260916164700902.jpg,Peripheral_Milling,5000.0,5000-12,1.818,1951d590422282a8e2fd7a44dad7d428,train
C:\Users\user\Desktop\5000 - BETTER\data\Peripheral_Milling\5000\5000-12\20260916164702421.jpg,Peripheral_Milling,5000.0,5000-12,1.818,708eaaa0ad9fb70371698ec7b065a57a,train
C:\Users\user\Desktop\5000 - BETTER\data\Peripheral_Milling\5000\5000-12\20260916164712357.jpg,Peripheral_Milling,5000.0,5000-12,1.818,2db16454110208a460b2e4da3b9070f6,val
C:\Users\user\Desktop\5000 - BETTER\data\Peripheral_Milling\5000\5000-12\20260916164714397.jpg,Peripheral_Milling,5000.0,5000-12,1.818,971ceb0e1172159e3684788b64d932ed,train
C:\Users\user\Desktop\5000 - BETTER\data\Peripheral_Milling\5000\5000-13\20260916171332949.jpg,Peripheral_Milling,5000.0,5000-13,1.5792,4e441b93e9a6e41950f9a6f346cf97be,train
C:\Users\user\Desktop\5000 - BETTER\data\Peripheral_Milling\5000\5000-13\20260916171335149.jpg,Peripheral_Milling,5000.0,5000-13,1.5792,928d62c3e0b5a64426b5b50097a54962,train
C:\Users\user\Desktop\5000 - BETTER\data\Peripheral_Milling\5000\5000-13\20260916171336709.jpg,Peripheral_Milling,5000.0,5000-13,1.5792,51eee598d429411f9b921c68083db2af,train
C:\Users\user\Desktop\5000 - BETTER\data\Peripheral_Milling\5000\5000-13\20260916171339613.jpg,Peripheral_Milling,5000.0,5000-13,1.5792,43fd8b3940f145af5b9b647071f678bd,train
C:\Users\user\Desktop\5000 - BETTER\data\Peripheral_Milling\5000\5000-13\20260916171342229.jpg,Peripheral_Milling,5000.0,5000-13,1.5792,b3348217fa9e119bdd234c77d3daa75f,train
C:\Users\user\Desktop\5000 - BETTER\data\Peripheral_Milling\5000\5000-13\20260916171351381.jpg,Peripheral_Milling,5000.0,5000-13,1.5792,3838119857cc268cd015fa5274f19288,val
C:\Users\user\Desktop\5000 - BETTER\data\Peripheral_Milling\5000\5000-14\20260917133757137.jpg,Peripheral_Milling,5000.0,5000-14,1.7494,5e5d4fb3e8e9fc26cff6f12df2dbf12b,train
C:\Users\user\Desktop\5000 - BETTER\data\Peripheral_Milling\5000\5000-14\20260917133759296.jpg,Peripheral_Milling,5000.0,5000-14,1.7494,ea9847b21a16fcc00e663c5858087b77,train
C:\Users\user\Desktop\5000 - BETTER\data\Peripheral_Milling\5000\5000-14\20260917133802368.jpg,Peripheral_Milling,5000.0,5000-14,1.7494,165f4814c466a16365d7c2dbd44cfa67,train
C:\Users\user\Desktop\5000 - BETTER\data\Peripheral_Milling\5000\5000-14\20260917133804144.jpg,Peripheral_Milling,5000.0,5000-14,1.7494,86821cd3200a4d5df033eec22bc0357f,val
C:\Users\user\Desktop\5000 - BETTER\data\Peripheral_Milling\5000\5000-14\20260917133805680.jpg,Peripheral_Milling,5000.0,5000-14,1.7494,8d7655fd350bd13453ab51f9fff54acd,train
C:\Users\user\Desktop\5000 - BETTER\data\Peripheral_Milling\5000\5000-14\20260917133814744.jpg,Peripheral_Milling,5000.0,5000-14,1.7494,79f481b407abaeb2957caf25e4f02cf5,train
C:\Users\user\Desktop\5000 - BETTER\data\Peripheral_Milling\5000\5000-14\20260917133816696.jpg,Peripheral_Milling,5000.0,5000-14,1.7494,24215f0d9c1c109e0302ca7b131f8e65,train
C:\Users\user\Desktop\5000 - BETTER\data\Peripheral_Milling\5000\5000-14\20260917133819873.jpg,Peripheral_Milling,5000.0,5000-14,1.7494,7d53d66ec32ecb83128492e9e7873505,val
C:\Users\user\Desktop\5000 - BETTER\data\Peripheral_Milling\5000\5000-15\20260917135247258.jpg,Peripheral_Milling,5000.0,5000-15,1.9058,ceacdaf1e24242a07b04373a49e8b78e,train
C:\Users\user\Desktop\5000 - BETTER\data\Peripheral_Milling\5000\5000-15\20260917135249176.jpg,Peripheral_Milling,5000.0,5000-15,1.9058,260d6eddf2f5d6624ecf40b4b8ac7333,train
C:\Users\user\Desktop\5000 - BETTER\data\Peripheral_Milling\5000\5000-15\20260917135252096.jpg,Peripheral_Milling,5000.0,5000-15,1.9058,5059919f36a9cadb221fa0926779e9f2,train
C:\Users\user\Desktop\5000 - BETTER\data\Peripheral_Milling\5000\5000-15\20260917135254048.jpg,Peripheral_Milling,5000.0,5000-15,1.9058,07655aaab44faef1a11db42a0b9b42ae,val
C:\Users\user\Desktop\5000 - BETTER\data\Peripheral_Milling\5000\5000-15\20260917135258664.jpg,Peripheral_Milling,5000.0,5000-15,1.9058,23224659175562b41edbc235cd548286,train
C:\Users\user\Desktop\5000 - BETTER\data\Peripheral_Milling\5000\5000-15\20260917135300306.jpg,Peripheral_Milling,5000.0,5000-15,1.9058,74c57533341bead1a0d710d356a8b0c5,train
C:\Users\user\Desktop\5000 - BETTER\data\Peripheral_Milling\5000\5000-15\20260917135303473.jpg,Peripheral_Milling,5000.0,5000-15,1.9058,569eeb4b9917e6318a58ed5ee27c3b1d,train
C:\Users\user\Desktop\5000 - BETTER\data\Peripheral_Milling\5000\5000-15\20260917135305200.jpg,Peripheral_Milling,5000.0,5000-15,1.9058,ccf2a8f19a230a43d5174f5a83e429ec,train
C:\Users\user\Desktop\5000 - BETTER\data\Peripheral_Milling\5000\5000-15\20260917135308360.jpg,Peripheral_Milling,5000.0,5000-15,1.9058,e8018768f57edad9d778d9f0d7dc57bb,val
C:\Users\user\Desktop\5000 - BETTER\data\Peripheral_Milling\5000\5000-15\20260917135310768.jpg,Peripheral_Milling,5000.0,5000-15,1.9058,52118648f5011b09ed3b28c427375757,train
C:\Users\user\Desktop\5000 - BETTER\data\Peripheral_Milling\5000\5000-16\20260917140315257.jpg,Peripheral_Milling,5000.0,5000-16,2.1616,c5c1987a049163a0bedd60917d088ba8,train
C:\Users\user\Desktop\5000 - BETTER\data\Peripheral_Milling\5000\5000-16\20260917140319208.jpg,Peripheral_Milling,5000.0,5000-16,2.1616,bfc7ca3ddc7ec4dbf08e1e980841703b,val
C:\Users\user\Desktop\5000 - BETTER\data\Peripheral_Milling\5000\5000-16\20260917140322290.jpg,Peripheral_Milling,5000.0,5000-16,2.1616,a029474aaa0394825ab0c578015eff9d,train
C:\Users\user\Desktop\5000 - BETTER\data\Peripheral_Milling\5000\5000-16\20260917140324074.jpg,Peripheral_Milling,5000.0,5000-16,2.1616,a1899edac9e7a7e8536e6f14b185d0dd,train
C:\Users\user\Desktop\5000 - BETTER\data\Peripheral_Milling\5000\5000-16\20260917140327080.jpg,Peripheral_Milling,5000.0,5000-16,2.1616,95c8139c44300b98706021d1dfd059d4,train
C:\Users\user\Desktop\5000 - BETTER\data\Peripheral_Milling\5000\5000-16\20260917140329544.jpg,Peripheral_Milling,5000.0,5000-16,2.1616,e83ea7777d9016d2f7629e9b57e73702,train
C:\Users\user\Desktop\5000 - BETTER\data\Peripheral_Milling\5000\5000-16\20260917140331017.jpg,Peripheral_Milling,5000.0,5000-16,2.1616,8cb4b31c7659fdf542a9fa15c14d7ed3,train
C:\Users\user\Desktop\5000 - BETTER\data\Peripheral_Milling\5000\5000-16\20260917140339938.jpg,Peripheral_Milling,5000.0,5000-16,2.1616,34b7d0e22bb97e09194584f11d262ada,train
C:\Users\user\Desktop\5000 - BETTER\data\Peripheral_Milling\5000\5000-16\20260917140342177.jpg,Peripheral_Milling,5000.0,5000-16,2.1616,b925ed4be6c1344a8251776d1c483eef,val
C:\Users\user\Desktop\5000 - BETTER\data\Peripheral_Milling\5000\5000-16\20260917140344521.jpg,Peripheral_Milling,5000.0,5000-16,2.1616,38dab3448f4fffb0726a6e5affa22882,train
C:\Users\user\Desktop\5000 - BETTER\data\Peripheral_Milling\5000\5000-16\20260917140347625.jpg,Peripheral_Milling,5000.0,5000-16,2.1616,89693a75cceca98bdbfeb961faafbeb3,train
C:\Users\user\Desktop\5000 - BETTER\data\Peripheral_Milling\5000\5000-17\20260917142007568.jpg,Peripheral_Milling,5000.0,5000-17,1.978,17301098750745bae19b06cd5150f0a0,train
C:\Users\user\Desktop\5000 - BETTER\data\Peripheral_Milling\5000\5000-17\20260917142011840.jpg,Peripheral_Milling,5000.0,5000-17,1.978,bc77d569634eb6cb55191b373e35c963,train
C:\Users\user\Desktop\5000 - BETTER\data\Peripheral_Milling\5000\5000-17\20260917142013282.jpg,Peripheral_Milling,5000.0,5000-17,1.978,2a00a2576a9dd16a4ab82a9f35bb2ec4,val
C:\Users\user\Desktop\5000 - BETTER\data\Peripheral_Milling\5000\5000-17\20260917142017217.jpg,Peripheral_Milling,5000.0,5000-17,1.978,f1e8bd778c93a42b0a60697b8232351c,train
C:\Users\user\Desktop\5000 - BETTER\data\Peripheral_Milling\5000\5000-17\20260917142019928.jpg,Peripheral_Milling,5000.0,5000-17,1.978,38123fdf6cad0c39c933eaabeff871dc,train
C:\Users\user\Desktop\5000 - BETTER\data\Peripheral_Milling\5000\5000-17\20260917142021865.jpg,Peripheral_Milling,5000.0,5000-17,1.978,dd302cfca07b9c3d74c0906ebc6500f8,train
C:\Users\user\Desktop\5000 - BETTER\data\Peripheral_Milling\5000\5000-17\20260917142023992.jpg,Peripheral_Milling,5000.0,5000-17,1.978,101288a8c13bab9dd2309c219a3748b8,train
C:\Users\user\Desktop\5000 - BETTER\data\Peripheral_Milling\5000\5000-18\20260917145912416.jpg,Peripheral_Milling,5000.0,5000-18,2.1628,4791dd76b4bf0cfada8da4c543bbcdbf,train
C:\Users\user\Desktop\5000 - BETTER\data\Peripheral_Milling\5000\5000-18\20260917145919777.jpg,Peripheral_Milling,5000.0,5000-18,2.1628,df42faf8156b632fcda3c1cbf41a3ec4,val
C:\Users\user\Desktop\5000 - BETTER\data\Peripheral_Milling\5000\5000-18\20260917145924536.jpg,Peripheral_Milling,5000.0,5000-18,2.1628,a0b7090a67261aa534f6a8ef74e91a2d,train
C:\Users\user\Desktop\5000 - BETTER\data\Peripheral_Milling\5000\5000-18\20260917145925971.jpg,Peripheral_Milling,5000.0,5000-18,2.1628,0fedadfb39002ed55622a1a5c4bae0e0,train
C:\Users\user\Desktop\5000 - BETTER\data\Peripheral_Milling\5000\5000-18\20260917145927696.jpg,Peripheral_Milling,5000.0,5000-18,2.1628,77892991c6d7703199427b4ae97279c0,train
C:\Users\user\Desktop\5000 - BETTER\data\Peripheral_Milling\5000\5000-18\20260917145931594.jpg,Peripheral_Milling,5000.0,5000-18,2.1628,21d91af225ea98a85ff0abec229044fb,train
C:\Users\user\Desktop\5000 - BETTER\data\Peripheral_Milling\5000\5000-18\20260917145935440.jpg,Peripheral_Milling,5000.0,5000-18,2.1628,6bc89af1e96788c98840a59123291702,val
C:\Users\user\Desktop\5000 - BETTER\data\Peripheral_Milling\5000\5000-18\20260917145936896.jpg,Peripheral_Milling,5000.0,5000-18,2.1628,7e5018c25ce119513354078cb074d1bb,train
C:\Users\user\Desktop\5000 - BETTER\data\Peripheral_Milling\5000\5000-18\20260917145940728.jpg,Peripheral_Milling,5000.0,5000-18,2.1628,017f9bcd75bdd64a572167f30d29eec2,train
C:\Users\user\Desktop\5000 - BETTER\data\Peripheral_Milling\5000\5000-2\20260701143559722.jpg,Peripheral_Milling,5000.0,5000-2,1.7772,2ff3f589a74624f20509a764edefeeda,train
C:\Users\user\Desktop\5000 - BETTER\data\Peripheral_Milling\5000\5000-2\20260701143604176.jpg,Peripheral_Milling,5000.0,5000-2,1.7772,4182493356183b1896e06052abbb5b0e,train
C:\Users\user\Desktop\5000 - BETTER\data\Peripheral_Milling\5000\5000-2\20260701143607711.jpg,Peripheral_Milling,5000.0,5000-2,1.7772,9b4f72c1a1a1936c8717a9dec12f12fc,train
C:\Users\user\Desktop\5000 - BETTER\data\Peripheral_Milling\5000\5000-2\20260701143612180.jpg,Peripheral_Milling,5000.0,5000-2,1.7772,7ae37c9be340ba24566ff6cbc609c022,train
C:\Users\user\Desktop\5000 - BETTER\data\Peripheral_Milling\5000\5000-2\20260701143620906.jpg,Peripheral_Milling,5000.0,5000-2,1.7772,b19bb039bd9f2ba603064ce3ce211a29,train
C:\Users\user\Desktop\5000 - BETTER\data\Peripheral_Milling\5000\5000-2\20260701143627080.jpg,Peripheral_Milling,5000.0,5000-2,1.7772,750c56a124db6a336543c15520b644f6,train
C:\Users\user\Desktop\5000 - BETTER\data\Peripheral_Milling\5000\5000-2\20260701143629773.jpg,Peripheral_Milling,5000.0,5000-2,1.7772,559a01f7349e87d0770b6fe6cb6ba33c,val
C:\Users\user\Desktop\5000 - BETTER\data\Peripheral_Milling\5000\5000-2\20260701143633508.jpg,Peripheral_Milling,5000.0,5000-2,1.7772,0e196179697fa6cbb50dbea55d3f320d,train
C:\Users\user\Desktop\5000 - BETTER\data\Peripheral_Milling\5000\5000-2\20260701143641690.jpg,Peripheral_Milling,5000.0,5000-2,1.7772,31b8fc5af51e4ea4da9830035a621fc2,train
C:\Users\user\Desktop\5000 - BETTER\data\Peripheral_Milling\5000\5000-2\20260701143645458.jpg,Peripheral_Milling,5000.0,5000-2,1.7772,690455c0d14db12f6801508c84dad960,train
C:\Users\user\Desktop\5000 - BETTER\data\Peripheral_Milling\5000\5000-2\20260701143649022.jpg,Peripheral_Milling,5000.0,5000-2,1.7772,717592f5feb6d11a686d796df3d53d13,train
C:\Users\user\Desktop\5000 - BETTER\data\Peripheral_Milling\5000\5000-2\20260701143654998.jpg,Peripheral_Milling,5000.0,5000-2,1.7772,cc50072a2cc45e4c88e757e53be61c2a,val
C:\Users\user\Desktop\5000 - BETTER\data\Peripheral_Milling\5000\5000-2\20260701143658396.jpg,Peripheral_Milling,5000.0,5000-2,1.7772,842f0724d3ece6c7657468491f51b036,val
C:\Users\user\Desktop\5000 - BETTER\data\Peripheral_Milling\5000\5000-2\20260701143701376.jpg,Peripheral_Milling,5000.0,5000-2,1.7772,5c4dd739ac1356907bc5d2257468ab09,train
C:\Users\user\Desktop\5000 - BETTER\data\Peripheral_Milling\5000\5000-3\20260701150046476.jpg,Peripheral_Milling,5000.0,5000-3,2.0786,d3acd03654200889c9d7798bb80dc976,train
C:\Users\user\Desktop\5000 - BETTER\data\Peripheral_Milling\5000\5000-3\20260701150050330.jpg,Peripheral_Milling,5000.0,5000-3,2.0786,5a74324d968828fdd2ffe4f766e0b03f,val
C:\Users\user\Desktop\5000 - BETTER\data\Peripheral_Milling\5000\5000-3\20260701150058872.jpg,Peripheral_Milling,5000.0,5000-3,2.0786,e62f35d23b7805f8c8e8f3291036fe0d,train
C:\Users\user\Desktop\5000 - BETTER\data\Peripheral_Milling\5000\5000-3\20260701150102445.jpg,Peripheral_Milling,5000.0,5000-3,2.0786,8c0162330e7ea2ad238590a717931ba6,train
C:\Users\user\Desktop\5000 - BETTER\data\Peripheral_Milling\5000\5000-3\20260701150106266.jpg,Peripheral_Milling,5000.0,5000-3,2.0786,bd4fc7cffd9848da846bd1cd9dfbb5f4,train
C:\Users\user\Desktop\5000 - BETTER\data\Peripheral_Milling\5000\5000-3\20260701150111884.jpg,Peripheral_Milling,5000.0,5000-3,2.0786,16291e83dd4aff07bcd5cd48e55d4be1,train
C:\Users\user\Desktop\5000 - BETTER\data\Peripheral_Milling\5000\5000-3\20260701150119417.jpg,Peripheral_Milling,5000.0,5000-3,2.0786,7851cc88ecb32f0f847295f692278d71,train
C:\Users\user\Desktop\5000 - BETTER\data\Peripheral_Milling\7000\7000-0\20260629163621787.jpg,Peripheral_Milling,7000.0,7000-0,3.1566,f0d4adfa9ba4ecae44550cf5c6a38142,train
C:\Users\user\Desktop\5000 - BETTER\data\Peripheral_Milling\7000\7000-0\20260629163646818.jpg,Peripheral_Milling,7000.0,7000-0,3.1566,d4dbb8a301ff2a7ec369a9db18593cca,train
C:\Users\user\Desktop\5000 - BETTER\data\Peripheral_Milling\7000\7000-0\20260629163658521.jpg,Peripheral_Milling,7000.0,7000-0,3.1566,59c4cd6d89ebe3fa3a6a3fc2bc1d41e3,train
C:\Users\user\Desktop\5000 - BETTER\data\Peripheral_Milling\7000\7000-0\20260629163709199.jpg,Peripheral_Milling,7000.0,7000-0,3.1566,8744d4d8390f7a12ad76aa449c33e040,train
C:\Users\user\Desktop\5000 - BETTER\data\Peripheral_Milling\7000\7000-0\20260629163719399.jpg,Peripheral_Milling,7000.0,7000-0,3.1566,2389a502471827a8f04e5055857aa5df,train
C:\Users\user\Desktop\5000 - BETTER\data\Peripheral_Milling\7000\7000-0\20260629163744869.jpg,Peripheral_Milling,7000.0,7000-0,3.1566,fb3d5f0fddc6a9942f2fba5ad84d235d,val
C:\Users\user\Desktop\5000 - BETTER\data\Peripheral_Milling\7000\7000-0\20260629163754620.jpg,Peripheral_Milling,7000.0,7000-0,3.1566,6792bed14970b4765d40b06da954547e,train
C:\Users\user\Desktop\5000 - BETTER\data\Peripheral_Milling\7000\7000-0\20260629163806681.jpg,Peripheral_Milling,7000.0,7000-0,3.1566,be328ac4f7cb8de67d0d221da077ddcf,train
C:\Users\user\Desktop\5000 - BETTER\data\Peripheral_Milling\7000\7000-0\20260629164045113.jpg,Peripheral_Milling,7000.0,7000-0,3.1566,1171533e9864b2e0676ce028c7d673e2,val
C:\Users\user\Desktop\5000 - BETTER\data\Peripheral_Milling\7000\7000-0\20260629164100681.jpg,Peripheral_Milling,7000.0,7000-0,3.1566,a0659ecb9787e7e6170ff7c38527e25a,train
C:\Users\user\Desktop\5000 - BETTER\data\Peripheral_Milling\7000\7000-0\20260629164110039.jpg,Peripheral_Milling,7000.0,7000-0,3.1566,f7792ad77203786413a5a67dce606034,train
C:\Users\user\Desktop\5000 - BETTER\data\Peripheral_Milling\7000\7000-0\20260629164123717.jpg,Peripheral_Milling,7000.0,7000-0,3.1566,b70d44b6498c2dad27298d675f706573,val
C:\Users\user\Desktop\5000 - BETTER\data\Peripheral_Milling\7000\7000-0\20260629164132577.jpg,Peripheral_Milling,7000.0,7000-0,3.1566,0bed05dc51a38ad30cff293661859208,train
C:\Users\user\Desktop\5000 - BETTER\data\Peripheral_Milling\7000\7000-0\20260629164141960.jpg,Peripheral_Milling,7000.0,7000-0,3.1566,3647c71153fd4503bd008280a1434270,train
C:\Users\user\Desktop\5000 - BETTER\data\Peripheral_Milling\7000\7000-0\20260629164151103.jpg,Peripheral_Milling,7000.0,7000-0,3.1566,288da501cd721be532b2594ceb0e4a7b,train
C:\Users\user\Desktop\5000 - BETTER\data\Peripheral_Milling\7000\7000-0.5\20260629170808775.jpg,Peripheral_Milling,7000.0,7000-0.5,2.3746,27e170a5ecaca41089605f53b5afbc14,train
C:\Users\user\Desktop\5000 - BETTER\data\Peripheral_Milling\7000\7000-0.5\20260629170816247.jpg,Peripheral_Milling,7000.0,7000-0.5,2.3746,f86a1e8f1283bf18c96b7b6dac65b19e,train
C:\Users\user\Desktop\5000 - BETTER\data\Peripheral_Milling\7000\7000-0.5\20260629170825019.jpg,Peripheral_Milling,7000.0,7000-0.5,2.3746,e84a849a31e7bb3b3010cd67f58956a0,train
C:\Users\user\Desktop\5000 - BETTER\data\Peripheral_Milling\7000\7000-0.5\20260629170833327.jpg,Peripheral_Milling,7000.0,7000-0.5,2.3746,fed948c1447b01f12f9d30ea8d50a1e1,train
C:\Users\user\Desktop\5000 - BETTER\data\Peripheral_Milling\7000\7000-0.5\20260629170841863.jpg,Peripheral_Milling,7000.0,7000-0.5,2.3746,1ab5ac4c85a62337ca6a1e7d9adb6ccb,train
C:\Users\user\Desktop\5000 - BETTER\data\Peripheral_Milling\7000\7000-0.5\20260629170857369.jpg,Peripheral_Milling,7000.0,7000-0.5,2.3746,64346c2f62f0decb5c32cccdfb6fa242,train
C:\Users\user\Desktop\5000 - BETTER\data\Peripheral_Milling\7000\7000-0.5\20260629170902645.jpg,Peripheral_Milling,7000.0,7000-0.5,2.3746,e4233a2797a51c40a4c2233b47087c9d,train
C:\Users\user\Desktop\5000 - BETTER\data\Peripheral_Milling\7000\7000-0.5\20260629170910567.jpg,Peripheral_Milling,7000.0,7000-0.5,2.3746,f2e9b95054fc113d872059d5f0bb53e7,train
C:\Users\user\Desktop\5000 - BETTER\data\Peripheral_Milling\7000\7000-0.5\20260629170916259.jpg,Peripheral_Milling,7000.0,7000-0.5,2.3746,8fd972d5f453907d2515ea4d56bf649e,val
C:\Users\user\Desktop\5000 - BETTER\data\Peripheral_Milling\7000\7000-0.5\20260629170921093.jpg,Peripheral_Milling,7000.0,7000-0.5,2.3746,722f8e758be093add54091136fc03007,val
C:\Users\user\Desktop\5000 - BETTER\data\Peripheral_Milling\7000\7000-0.5\20260629170928277.jpg,Peripheral_Milling,7000.0,7000-0.5,2.3746,39124f905558067f64f90928830b3708,train
C:\Users\user\Desktop\5000 - BETTER\data\Peripheral_Milling\7000\7000-0.5\20260629173424736.jpg,Peripheral_Milling,7000.0,7000-0.5,2.3746,ddebabd9f2295ee2048efd9c11b441fd,val
C:\Users\user\Desktop\5000 - BETTER\data\Peripheral_Milling\7000\7000-0.5\20260629173430438.jpg,Peripheral_Milling,7000.0,7000-0.5,2.3746,5a1d05f288418acf28e7312734333ff9,train
C:\Users\user\Desktop\5000 - BETTER\data\Peripheral_Milling\7000\7000-0.5\20260629173435961.jpg,Peripheral_Milling,7000.0,7000-0.5,2.3746,028f98a32d0037f7642ff9c93fa2e69c,train
C:\Users\user\Desktop\5000 - BETTER\data\Peripheral_Milling\7000\7000-0.5\20260629173439255.jpg,Peripheral_Milling,7000.0,7000-0.5,2.3746,c5db094b2f1715d1b67da9f19447e791,train
C:\Users\user\Desktop\5000 - BETTER\data\Peripheral_Milling\7000\7000-0.5\20260629173442927.jpg,Peripheral_Milling,7000.0,7000-0.5,2.3746,c2ab41e17310203c10db5c6a3b136fcc,train
C:\Users\user\Desktop\5000 - BETTER\data\Peripheral_Milling\7000\7000-0.5\20260629173500231.jpg,Peripheral_Milling,7000.0,7000-0.5,2.3746,1f73ac2a6dc815e79d21a703d70f4663,train
C:\Users\user\Desktop\5000 - BETTER\data\Peripheral_Milling\7000\7000-0.5\20260629173504881.jpg,Peripheral_Milling,7000.0,7000-0.5,2.3746,acf97da7800d476ec76d80727cdfd76f,val
C:\Users\user\Desktop\5000 - BETTER\data\Peripheral_Milling\7000\7000-0.5\20260629173509929.jpg,Peripheral_Milling,7000.0,7000-0.5,2.3746,47a19df3d3a96468cd3ff667d7e10014,train
C:\Users\user\Desktop\5000 - BETTER\data\Peripheral_Milling\7000\7000-0.5\20260629173513663.jpg,Peripheral_Milling,7000.0,7000-0.5,2.3746,125286ee40ed513de2799fcc47d92e1c,train
C:\Users\user\Desktop\5000 - BETTER\data\Peripheral_Milling\7000\7000-0.5\20260629173518527.jpg,Peripheral_Milling,7000.0,7000-0.5,2.3746,5954eee516eda2af214a311848b3b6ef,train
C:\Users\user\Desktop\5000 - BETTER\data\Peripheral_Milling\7000\7000-0.5\20260629173532249.jpg,Peripheral_Milling,7000.0,7000-0.5,2.3746,41f37e9869aed79c10ebe1291d85f2ba,val
C:\Users\user\Desktop\5000 - BETTER\data\Peripheral_Milling\7000\7000-0.5\20260629173537025.jpg,Peripheral_Milling,7000.0,7000-0.5,2.3746,9060f79d9496ec818dc39bc4c54c0ea6,train
C:\Users\user\Desktop\5000 - BETTER\data\Peripheral_Milling\7000\7000-0.5\20260629173540895.jpg,Peripheral_Milling,7000.0,7000-0.5,2.3746,abdf86f71849c5190b989ca4acc7fd82,train
C:\Users\user\Desktop\5000 - BETTER\data\Peripheral_Milling\7000\7000-0.5\20260629173548335.jpg,Peripheral_Milling,7000.0,7000-0.5,2.3746,8942b133fe37175549fa6cd0dacaf3f8,train
C:\Users\user\Desktop\5000 - BETTER\data\Peripheral_Milling\7000\7000-1\20260721142200176.jpg,Peripheral_Milling,7000.0,7000-1,1.0238,8b76e15fd95c9e73895c74798147d7b8,train
C:\Users\user\Desktop\5000 - BETTER\data\Peripheral_Milling\7000\7000-1\20260721142204986.jpg,Peripheral_Milling,7000.0,7000-1,1.0238,ea1f15fccefadf4443d2f62abaa7a35c,train
C:\Users\user\Desktop\5000 - BETTER\data\Peripheral_Milling\7000\7000-1\20260721142209388.jpg,Peripheral_Milling,7000.0,7000-1,1.0238,40f71176f9666ce945f5c11dd8692696,train
C:\Users\user\Desktop\5000 - BETTER\data\Peripheral_Milling\7000\7000-1\20260721142214472.jpg,Peripheral_Milling,7000.0,7000-1,1.0238,7bf8236dc1d00aa393cd2113a2553e78,train
C:\Users\user\Desktop\5000 - BETTER\data\Peripheral_Milling\7000\7000-1\20260721142224312.jpg,Peripheral_Milling,7000.0,7000-1,1.0238,403dcab7e6e4ae50d54795ee20ea4080,train
C:\Users\user\Desktop\5000 - BETTER\data\Peripheral_Milling\7000\7000-1\20260721142229560.jpg,Peripheral_Milling,7000.0,7000-1,1.0238,0a521490c5e29c90d54c7d1aef3bd597,val
C:\Users\user\Desktop\5000 - BETTER\data\Peripheral_Milling\7000\7000-1\20260721142258914.jpg,Peripheral_Milling,7000.0,7000-1,1.0238,87504024c37aa07b18cbebfd69c37246,val
C:\Users\user\Desktop\5000 - BETTER\data\Peripheral_Milling\7000\7000-1\20260721142304266.jpg,Peripheral_Milling,7000.0,7000-1,1.0238,3851587611f238b1d75fbaad50e6c369,train
C:\Users\user\Desktop\5000 - BETTER\data\Peripheral_Milling\7000\7000-1\20260721142306929.jpg,Peripheral_Milling,7000.0,7000-1,1.0238,d82eec25dd3bd334cc8ba023bbed6dca,train
C:\Users\user\Desktop\5000 - BETTER\data\Peripheral_Milling\7000\7000-1\20260721142310654.jpg,Peripheral_Milling,7000.0,7000-1,1.0238,96c501efb1709cce9bafd3cc206676e8,train
C:\Users\user\Desktop\5000 - BETTER\data\Peripheral_Milling\7000\7000-1\20260721142313348.jpg,Peripheral_Milling,7000.0,7000-1,1.0238,c5cfacd34c6f4a316757282a939a4c10,val
C:\Users\user\Desktop\5000 - BETTER\data\Peripheral_Milling\7000\7000-1\20260721142315890.jpg,Peripheral_Milling,7000.0,7000-1,1.0238,ab6e3449f35aadb19806192da1ed5fae,train
C:\Users\user\Desktop\5000 - BETTER\data\Peripheral_Milling\7000\7000-1\20260721142320410.jpg,Peripheral_Milling,7000.0,7000-1,1.0238,afe8e307d420f20d4d19360b62eacf38,train
C:\Users\user\Desktop\5000 - BETTER\data\Peripheral_Milling\7000\7000-1\20260721142331676.jpg,Peripheral_Milling,7000.0,7000-1,1.0238,3fbb2f98e76f5be8b5f16d94c05b07ce,train
C:\Users\user\Desktop\5000 - BETTER\data\Peripheral_Milling\7000\7000-1\20260721142333744.jpg,Peripheral_Milling,7000.0,7000-1,1.0238,b6d955d039664cc28d3d82794c9daad6,train
C:\Users\user\Desktop\5000 - BETTER\data\Peripheral_Milling\7000\7000-1\20260721142336558.jpg,Peripheral_Milling,7000.0,7000-1,1.0238,33e647f2a8af2b64b42fcffc65f999f4,train
C:\Users\user\Desktop\5000 - BETTER\data\Peripheral_Milling\7000\7000-1\20260721142344526.jpg,Peripheral_Milling,7000.0,7000-1,1.0238,5c3c655f53024719aaa0d6b24bc32ba6,train
C:\Users\user\Desktop\5000 - BETTER\data\Peripheral_Milling\7000\7000-1\20260721142347042.jpg,Peripheral_Milling,7000.0,7000-1,1.0238,c2bd6b6ace005691d6117cafc0350f58,val
C:\Users\user\Desktop\5000 - BETTER\data\Peripheral_Milling\7000\7000-1\20260721142350336.jpg,Peripheral_Milling,7000.0,7000-1,1.0238,746e9debe546a88921932f480e0142d9,train
C:\Users\user\Desktop\5000 - BETTER\data\Peripheral_Milling\7000\7000-10\20260916160030767.jpg,Peripheral_Milling,7000.0,7000-10,1.2726,d2ac90052c206592d74c91cf3f33eaa5,train
C:\Users\user\Desktop\5000 - BETTER\data\Peripheral_Milling\7000\7000-10\20260916160032567.jpg,Peripheral_Milling,7000.0,7000-10,1.2726,84dd8731e351019da32b5e2bc99837bc,val
C:\Users\user\Desktop\5000 - BETTER\data\Peripheral_Milling\7000\7000-10\20260916160034399.jpg,Peripheral_Milling,7000.0,7000-10,1.2726,82420e393ebf8d5428d2676be6690010,train
C:\Users\user\Desktop\5000 - BETTER\data\Peripheral_Milling\7000\7000-10\20260916160036463.jpg,Peripheral_Milling,7000.0,7000-10,1.2726,c2d2bd30e1ca9da76842cf32c9d77a35,train
C:\Users\user\Desktop\5000 - BETTER\data\Peripheral_Milling\7000\7000-10\20260916160038015.jpg,Peripheral_Milling,7000.0,7000-10,1.2726,dbc085fbfeeb681a166dfd4979fbea34,train
C:\Users\user\Desktop\5000 - BETTER\data\Peripheral_Milling\7000\7000-10\20260916160053321.jpg,Peripheral_Milling,7000.0,7000-10,1.2726,f88784a893223e5e63ebe54c8a3de12c,train
C:\Users\user\Desktop\5000 - BETTER\data\Peripheral_Milling\7000\7000-10\20260916160056287.jpg,Peripheral_Milling,7000.0,7000-10,1.2726,3e65538a577d0ca51c0f72954a3e6dff,val
C:\Users\user\Desktop\5000 - BETTER\data\Peripheral_Milling\7000\7000-10\20260916160058519.jpg,Peripheral_Milling,7000.0,7000-10,1.2726,c1b974c0c090d9756b76631883dc2763,train
C:\Users\user\Desktop\5000 - BETTER\data\Peripheral_Milling\7000\7000-10\20260916160106623.jpg,Peripheral_Milling,7000.0,7000-10,1.2726,d3be7af725fe4d9d68ac2e6f45de2430,train
C:\Users\user\Desktop\5000 - BETTER\data\Peripheral_Milling\7000\7000-10\20260916160108527.jpg,Peripheral_Milling,7000.0,7000-10,1.2726,95b972bf2abea33b8ab3970d70581400,train
C:\Users\user\Desktop\5000 - BETTER\data\Peripheral_Milling\7000\7000-2\20260721145344530.jpg,Peripheral_Milling,7000.0,7000-2,1.321,9633f9c7acaeaca38bd3700737ea91f1,train
C:\Users\user\Desktop\5000 - BETTER\data\Peripheral_Milling\7000\7000-2\20260721145346894.jpg,Peripheral_Milling,7000.0,7000-2,1.321,1052f0bc47402b6ca4f80e31c4de6877,train
C:\Users\user\Desktop\5000 - BETTER\data\Peripheral_Milling\7000\7000-2\20260721145350069.jpg,Peripheral_Milling,7000.0,7000-2,1.321,bcb16e40afcfdde303c3c4102499a6a0,train
C:\Users\user\Desktop\5000 - BETTER\data\Peripheral_Milling\7000\7000-2\20260721145353052.jpg,Peripheral_Milling,7000.0,7000-2,1.321,96ea5956493d633b9df77dd9ce24de79,train
C:\Users\user\Desktop\5000 - BETTER\data\Peripheral_Milling\7000\7000-2\20260721145355408.jpg,Peripheral_Milling,7000.0,7000-2,1.321,05b26113bf64192166f657c5ed68dd90,train
C:\Users\user\Desktop\5000 - BETTER\data\Peripheral_Milling\7000\7000-2\20260721145405288.jpg,Peripheral_Milling,7000.0,7000-2,1.321,3405db16bd00bffeb5200ac90f7a0272,train
C:\Users\user\Desktop\5000 - BETTER\data\Peripheral_Milling\7000\7000-2\20260721145407186.jpg,Peripheral_Milling,7000.0,7000-2,1.321,74a5a3b423026b6c9cadc932c609b42d,val
C:\Users\user\Desktop\5000 - BETTER\data\Peripheral_Milling\7000\7000-2\20260721145409761.jpg,Peripheral_Milling,7000.0,7000-2,1.321,8ff56b292f82ac81181f3f160b73328a,train
C:\Users\user\Desktop\5000 - BETTER\data\Peripheral_Milling\7000\7000-2\20260721145414835.jpg,Peripheral_Milling,7000.0,7000-2,1.321,645d516c907565318356054f74969830,train
C:\Users\user\Desktop\5000 - BETTER\data\Peripheral_Milling\7000\7000-2\20260721145420561.jpg,Peripheral_Milling,7000.0,7000-2,1.321,681c446a474748c67dff6bbbd790aca7,train
C:\Users\user\Desktop\5000 - BETTER\data\Peripheral_Milling\7000\7000-2\20260721145424680.jpg,Peripheral_Milling,7000.0,7000-2,1.321,7f48630d152c36aef07ad04e3486a1b2,train
C:\Users\user\Desktop\5000 - BETTER\data\Peripheral_Milling\7000\7000-2\20260721145427544.jpg,Peripheral_Milling,7000.0,7000-2,1.321,3b80f6b5ffe3215d8b07e0773fe60a8a,train
C:\Users\user\Desktop\5000 - BETTER\data\Peripheral_Milling\7000\7000-2\20260721145429645.jpg,Peripheral_Milling,7000.0,7000-2,1.321,020af643e4537921249f339b20b35a60,train
C:\Users\user\Desktop\5000 - BETTER\data\Peripheral_Milling\7000\7000-2\20260721145434969.jpg,Peripheral_Milling,7000.0,7000-2,1.321,233d0752a3d7d9523c3d244f2c4a4e44,val
C:\Users\user\Desktop\5000 - BETTER\data\Peripheral_Milling\7000\7000-2\20260721145437132.jpg,Peripheral_Milling,7000.0,7000-2,1.321,90c89af33d37482a1e62072c3af1f063,train
C:\Users\user\Desktop\5000 - BETTER\data\Peripheral_Milling\7000\7000-2\20260721145439096.jpg,Peripheral_Milling,7000.0,7000-2,1.321,9b6ef562a5380925e1c07b8aa3face7d,val
C:\Users\user\Desktop\5000 - BETTER\data\Peripheral_Milling\7000\7000-2\20260721145445012.jpg,Peripheral_Milling,7000.0,7000-2,1.321,ee9ec1c82a2d639a8bcea9921473c8d8,val
C:\Users\user\Desktop\5000 - BETTER\data\Peripheral_Milling\7000\7000-2\20260721145451722.jpg,Peripheral_Milling,7000.0,7000-2,1.321,98323b53b4ac89dc4b4f0a1e8bb7738f,train
C:\Users\user\Desktop\5000 - BETTER\data\Peripheral_Milling\7000\7000-2\20260721145453942.jpg,Peripheral_Milling,7000.0,7000-2,1.321,4b755504662903d7ebcdefffc1c2bf84,train
C:\Users\user\Desktop\5000 - BETTER\data\Peripheral_Milling\7000\7000-2\20260721145459442.jpg,Peripheral_Milling,7000.0,7000-2,1.321,0cd12d60da57e62ba83a2790510fa27d,val
C:\Users\user\Desktop\5000 - BETTER\data\Peripheral_Milling\7000\7000-2\20260721145501390.jpg,Peripheral_Milling,7000.0,7000-2,1.321,a18a2b38062831dd830fc047b7e0282f,train
C:\Users\user\Desktop\5000 - BETTER\data\Peripheral_Milling\7000\7000-2\20260721145503307.jpg,Peripheral_Milling,7000.0,7000-2,1.321,fcaafeee8c1b58b1f6f0fb2385ebea25,train
C:\Users\user\Desktop\5000 - BETTER\data\Peripheral_Milling\7000\7000-2\20260721145505662.jpg,Peripheral_Milling,7000.0,7000-2,1.321,0021f8f69bfd3e462aaccb9156bed43e,val
C:\Users\user\Desktop\5000 - BETTER\data\Peripheral_Milling\7000\7000-2\20260721145507866.jpg,Peripheral_Milling,7000.0,7000-2,1.321,dfebd263dabac1479873675a4d2d265f,train
C:\Users\user\Desktop\5000 - BETTER\data\Peripheral_Milling\7000\7000-2\20260721145514128.jpg,Peripheral_Milling,7000.0,7000-2,1.321,760aa3a96f6d29ace9b69c3b05e41171,train
C:\Users\user\Desktop\5000 - BETTER\data\Peripheral_Milling\7000\7000-2\20260721145518724.jpg,Peripheral_Milling,7000.0,7000-2,1.321,8e086e7b94deff8432810e3a495f670d,train
C:\Users\user\Desktop\5000 - BETTER\data\Peripheral_Milling\7000\7000-2\20260721145520664.jpg,Peripheral_Milling,7000.0,7000-2,1.321,5e37d56d2380e31578927d3eb8f70c3d,train
C:\Users\user\Desktop\5000 - BETTER\data\Peripheral_Milling\7000\7000-2\20260721145522426.jpg,Peripheral_Milling,7000.0,7000-2,1.321,1164b276fee2d4226c17d59827bfc956,train
C:\Users\user\Desktop\5000 - BETTER\data\Peripheral_Milling\7000\7000-2\20260721145523863.jpg,Peripheral_Milling,7000.0,7000-2,1.321,ccd886a41ad87e2cf04a72e35f30c6fd,train
C:\Users\user\Desktop\5000 - BETTER\data\Peripheral_Milling\7000\7000-2\20260721145530475.jpg,Peripheral_Milling,7000.0,7000-2,1.321,98ea31f9aebcdb8a480188f995d5f40e,train
C:\Users\user\Desktop\5000 - BETTER\data\Peripheral_Milling\7000\7000-2\20260721145532446.jpg,Peripheral_Milling,7000.0,7000-2,1.321,f7d860f2cc4f358fc6cbb78082d27451,train
C:\Users\user\Desktop\5000 - BETTER\data\Peripheral_Milling\7000\7000-3\20260721151613276.jpg,Peripheral_Milling,7000.0,7000-3,1.565,59f3f9a9d3a440c3ad0081f9c210fc1d,train
C:\Users\user\Desktop\5000 - BETTER\data\Peripheral_Milling\7000\7000-3\20260721151616659.jpg,Peripheral_Milling,7000.0,7000-3,1.565,589e0fd20aecde8c3c9e5870ec7e93dd,train
C:\Users\user\Desktop\5000 - BETTER\data\Peripheral_Milling\7000\7000-3\20260721151619963.jpg,Peripheral_Milling,7000.0,7000-3,1.565,8d6c0055c934ee7e7fd352fd9a387573,train
C:\Users\user\Desktop\5000 - BETTER\data\Peripheral_Milling\7000\7000-3\20260721151622078.jpg,Peripheral_Milling,7000.0,7000-3,1.565,2695981f30e5c51bb486a9748f7357d1,train
C:\Users\user\Desktop\5000 - BETTER\data\Peripheral_Milling\7000\7000-3\20260721151625654.jpg,Peripheral_Milling,7000.0,7000-3,1.565,7a2f90427c6893429cc881f17e208e0c,train
C:\Users\user\Desktop\5000 - BETTER\data\Peripheral_Milling\7000\7000-3\20260721151627994.jpg,Peripheral_Milling,7000.0,7000-3,1.565,9771fcc22efa5d7f4d83a29ea680a2a2,train
C:\Users\user\Desktop\5000 - BETTER\data\Peripheral_Milling\7000\7000-3\20260721151644576.jpg,Peripheral_Milling,7000.0,7000-3,1.565,918bb7b1c9442abbc1f3811051d904da,train
C:\Users\user\Desktop\5000 - BETTER\data\Peripheral_Milling\7000\7000-3\20260721151648024.jpg,Peripheral_Milling,7000.0,7000-3,1.565,6095128cfa82998aefd81836120bd160,val
C:\Users\user\Desktop\5000 - BETTER\data\Peripheral_Milling\7000\7000-3\20260721151650036.jpg,Peripheral_Milling,7000.0,7000-3,1.565,445cb173ba39843e30a91492967455b2,train
C:\Users\user\Desktop\5000 - BETTER\data\Peripheral_Milling\7000\7000-3\20260721151651912.jpg,Peripheral_Milling,7000.0,7000-3,1.565,99a89843f84bcd227dc251da46201397,train
C:\Users\user\Desktop\5000 - BETTER\data\Peripheral_Milling\7000\7000-3\20260721151653435.jpg,Peripheral_Milling,7000.0,7000-3,1.565,6f62a41886570df788bb73463c0fe06e,train
C:\Users\user\Desktop\5000 - BETTER\data\Peripheral_Milling\7000\7000-3\20260721151710000.jpg,Peripheral_Milling,7000.0,7000-3,1.565,0187c43cbd400f9393fe98993b39eb31,train
C:\Users\user\Desktop\5000 - BETTER\data\Peripheral_Milling\7000\7000-3\20260721151713223.jpg,Peripheral_Milling,7000.0,7000-3,1.565,eaaf59fe5794ad70c43d47ab6ac2a617,train
C:\Users\user\Desktop\5000 - BETTER\data\Peripheral_Milling\7000\7000-3\20260721151716140.jpg,Peripheral_Milling,7000.0,7000-3,1.565,8a0d096dcb290ca3bba6392884fa227a,train
C:\Users\user\Desktop\5000 - BETTER\data\Peripheral_Milling\7000\7000-3\20260721151717658.jpg,Peripheral_Milling,7000.0,7000-3,1.565,8330f6e98751dc59108b63d23fca9205,train
C:\Users\user\Desktop\5000 - BETTER\data\Peripheral_Milling\7000\7000-3\20260721151723958.jpg,Peripheral_Milling,7000.0,7000-3,1.565,9a44a560bcb34e8cb02caf8d8d2b2f6f,val
C:\Users\user\Desktop\5000 - BETTER\data\Peripheral_Milling\7000\7000-3\20260721151726764.jpg,Peripheral_Milling,7000.0,7000-3,1.565,b7f665ec2fd1ff65a41ffa181e0e71f0,val
C:\Users\user\Desktop\5000 - BETTER\data\Peripheral_Milling\7000\7000-3\20260721151728415.jpg,Peripheral_Milling,7000.0,7000-3,1.565,ee06b61f50b2abbbce98fe779c5110f3,val
C:\Users\user\Desktop\5000 - BETTER\data\Peripheral_Milling\7000\7000-3\20260721151731950.jpg,Peripheral_Milling,7000.0,7000-3,1.565,4788c5767d45cd52eed99c81b6c26a42,train
C:\Users\user\Desktop\5000 - BETTER\data\Peripheral_Milling\7000\7000-3\20260721151735246.jpg,Peripheral_Milling,7000.0,7000-3,1.565,2f9e15d78d8ad1f83071bd75651b602f,train
C:\Users\user\Desktop\5000 - BETTER\data\Peripheral_Milling\7000\7000-4\20260721153615918.jpg,Peripheral_Milling,7000.0,7000-4,1.0698,cd990169cf929cd900aa1f18ff9277d7,train
C:\Users\user\Desktop\5000 - BETTER\data\Peripheral_Milling\7000\7000-4\20260721153618988.jpg,Peripheral_Milling,7000.0,7000-4,1.0698,95059f7ca286909024fc946bc890dc7a,train
C:\Users\user\Desktop\5000 - BETTER\data\Peripheral_Milling\7000\7000-4\20260721153624214.jpg,Peripheral_Milling,7000.0,7000-4,1.0698,ec06aa1f2a17a7ef1b386d6f3281747d,train
C:\Users\user\Desktop\5000 - BETTER\data\Peripheral_Milling\7000\7000-4\20260721153626756.jpg,Peripheral_Milling,7000.0,7000-4,1.0698,8cbd15e9ee62186938a69e8717696b55,train
C:\Users\user\Desktop\5000 - BETTER\data\Peripheral_Milling\7000\7000-4\20260721153629386.jpg,Peripheral_Milling,7000.0,7000-4,1.0698,a62b7c16b2ca5f3dae3191883b248bf5,train
C:\Users\user\Desktop\5000 - BETTER\data\Peripheral_Milling\7000\7000-4\20260721153632656.jpg,Peripheral_Milling,7000.0,7000-4,1.0698,b2a49bfc3237fd97562a50316b3c682b,train
C:\Users\user\Desktop\5000 - BETTER\data\Peripheral_Milling\7000\7000-4\20260721153636358.jpg,Peripheral_Milling,7000.0,7000-4,1.0698,2f7c6f07eaea0d206c849557ab137e52,train
C:\Users\user\Desktop\5000 - BETTER\data\Peripheral_Milling\7000\7000-4\20260721153638716.jpg,Peripheral_Milling,7000.0,7000-4,1.0698,583f438b191f7b7cf17b518c20be5e75,train
C:\Users\user\Desktop\5000 - BETTER\data\Peripheral_Milling\7000\7000-4\20260721153640689.jpg,Peripheral_Milling,7000.0,7000-4,1.0698,3c4e00434a1b1c1f04cfad3fcf857f51,train
C:\Users\user\Desktop\5000 - BETTER\data\Peripheral_Milling\7000\7000-4\20260721153645058.jpg,Peripheral_Milling,7000.0,7000-4,1.0698,dcebd56fc4017710c861939f76122314,val
C:\Users\user\Desktop\5000 - BETTER\data\Peripheral_Milling\7000\7000-4\20260721153649456.jpg,Peripheral_Milling,7000.0,7000-4,1.0698,2bcf097b77ec94a42835ae0ad8e10596,train
C:\Users\user\Desktop\5000 - BETTER\data\Peripheral_Milling\7000\7000-4\20260721153654306.jpg,Peripheral_Milling,7000.0,7000-4,1.0698,7509052aa99089f6e40e424f3a5b12dd,train
C:\Users\user\Desktop\5000 - BETTER\data\Peripheral_Milling\7000\7000-4\20260721153656935.jpg,Peripheral_Milling,7000.0,7000-4,1.0698,bea677121204a3817ea817e53d328004,val
C:\Users\user\Desktop\5000 - BETTER\data\Peripheral_Milling\7000\7000-4\20260721153658498.jpg,Peripheral_Milling,7000.0,7000-4,1.0698,fb83488a616b54607fd22f7bcb5af159,train
C:\Users\user\Desktop\5000 - BETTER\data\Peripheral_Milling\7000\7000-4\20260721153700013.jpg,Peripheral_Milling,7000.0,7000-4,1.0698,6b064bac37f16dd1b4fb2b028f98d816,val
C:\Users\user\Desktop\5000 - BETTER\data\Peripheral_Milling\7000\7000-4\20260721153703093.jpg,Peripheral_Milling,7000.0,7000-4,1.0698,355dac814cd4865c7238e8970a91930e,train
C:\Users\user\Desktop\5000 - BETTER\data\Peripheral_Milling\7000\7000-4\20260721153705850.jpg,Peripheral_Milling,7000.0,7000-4,1.0698,ddf880f6cfcaeb0c37abb13200a78fb5,train
C:\Users\user\Desktop\5000 - BETTER\data\Peripheral_Milling\7000\7000-4\20260721153708886.jpg,Peripheral_Milling,7000.0,7000-4,1.0698,8e566d4c1f4ddae32101ba4398791e73,train
C:\Users\user\Desktop\5000 - BETTER\data\Peripheral_Milling\7000\7000-4\20260721153712996.jpg,Peripheral_Milling,7000.0,7000-4,1.0698,dcaec221c64efdd375bab38c79d27446,train
C:\Users\user\Desktop\5000 - BETTER\data\Peripheral_Milling\7000\7000-4\20260721153718990.jpg,Peripheral_Milling,7000.0,7000-4,1.0698,529abed4f113b2f6ef42df5332431e31,train
C:\Users\user\Desktop\5000 - BETTER\data\Peripheral_Milling\7000\7000-4\20260721153722608.jpg,Peripheral_Milling,7000.0,7000-4,1.0698,e7018c3c7b9f4bfe4bd6623771f8b19e,train
C:\Users\user\Desktop\5000 - BETTER\data\Peripheral_Milling\7000\7000-4\20260721153724988.jpg,Peripheral_Milling,7000.0,7000-4,1.0698,6cc4b4f3e5d1f7d020d9658797a3c655,train
C:\Users\user\Desktop\5000 - BETTER\data\Peripheral_Milling\7000\7000-4\20260721153730510.jpg,Peripheral_Milling,7000.0,7000-4,1.0698,f2e5e7e505c173ab123b2c913dd468f1,train
C:\Users\user\Desktop\5000 - BETTER\data\Peripheral_Milling\7000\7000-4\20260721153733396.jpg,Peripheral_Milling,7000.0,7000-4,1.0698,a51bf2f42b68a62477225bfc8d428275,val
C:\Users\user\Desktop\5000 - BETTER\data\Peripheral_Milling\7000\7000-4\20260721153746388.jpg,Peripheral_Milling,7000.0,7000-4,1.0698,0f049f4fa3301b4cb5451c844b5de73a,val
C:\Users\user\Desktop\5000 - BETTER\data\Peripheral_Milling\7000\7000-4\20260721153749386.jpg,Peripheral_Milling,7000.0,7000-4,1.0698,03c186bece261d3bff254abb62402be3,train
C:\Users\user\Desktop\5000 - BETTER\data\Peripheral_Milling\7000\7000-4\20260721153756058.jpg,Peripheral_Milling,7000.0,7000-4,1.0698,33d564d6f57009f1df679800d87f4535,train
C:\Users\user\Desktop\5000 - BETTER\data\Peripheral_Milling\7000\7000-4\20260721153758550.jpg,Peripheral_Milling,7000.0,7000-4,1.0698,348309614ec31e4681090b65a057f3e9,train
C:\Users\user\Desktop\5000 - BETTER\data\Peripheral_Milling\7000\7000-4\20260721153801621.jpg,Peripheral_Milling,7000.0,7000-4,1.0698,aa54fb85b83be707ede445e5a1370eb5,val
C:\Users\user\Desktop\5000 - BETTER\data\Peripheral_Milling\7000\7000-5\20260721155631746.jpg,Peripheral_Milling,7000.0,7000-5,1.0558,acb48a055699b6f593575d8b07cc15bb,train
C:\Users\user\Desktop\5000 - BETTER\data\Peripheral_Milling\7000\7000-5\20260721155633942.jpg,Peripheral_Milling,7000.0,7000-5,1.0558,b12187c4ebac4cb044057bb817a27d28,train
C:\Users\user\Desktop\5000 - BETTER\data\Peripheral_Milling\7000\7000-5\20260721155636091.jpg,Peripheral_Milling,7000.0,7000-5,1.0558,4b2eeb6dc1edcba924cafc37cb06a57e,train
C:\Users\user\Desktop\5000 - BETTER\data\Peripheral_Milling\7000\7000-5\20260721155638513.jpg,Peripheral_Milling,7000.0,7000-5,1.0558,f0ca047b157a407a8ae70a79d1acd1f6,train
C:\Users\user\Desktop\5000 - BETTER\data\Peripheral_Milling\7000\7000-5\20260721155640828.jpg,Peripheral_Milling,7000.0,7000-5,1.0558,f82b0c7e14eee221823c85eb4c85ebf3,train
C:\Users\user\Desktop\5000 - BETTER\data\Peripheral_Milling\7000\7000-5\20260721155643570.jpg,Peripheral_Milling,7000.0,7000-5,1.0558,11cc25c3eb177d73e221963a9c7b9e2c,train
C:\Users\user\Desktop\5000 - BETTER\data\Peripheral_Milling\7000\7000-5\20260721155646464.jpg,Peripheral_Milling,7000.0,7000-5,1.0558,97149297c7f092eb78f7565111521f38,train
C:\Users\user\Desktop\5000 - BETTER\data\Peripheral_Milling\7000\7000-5\20260721155651364.jpg,Peripheral_Milling,7000.0,7000-5,1.0558,e5a8f8de83af3ed9e651caa7f05c7423,train
C:\Users\user\Desktop\5000 - BETTER\data\Peripheral_Milling\7000\7000-5\20260721155653619.jpg,Peripheral_Milling,7000.0,7000-5,1.0558,c5781973ee7dc4dc93d9293b241dbd4c,train
C:\Users\user\Desktop\5000 - BETTER\data\Peripheral_Milling\7000\7000-5\20260721155705216.jpg,Peripheral_Milling,7000.0,7000-5,1.0558,3b436210d915843942fde742388800c3,train
C:\Users\user\Desktop\5000 - BETTER\data\Peripheral_Milling\7000\7000-5\20260721155707540.jpg,Peripheral_Milling,7000.0,7000-5,1.0558,ed9169ba93ad368ebe5a4c0a55ca8dfc,val
C:\Users\user\Desktop\5000 - BETTER\data\Peripheral_Milling\7000\7000-5\20260721155709456.jpg,Peripheral_Milling,7000.0,7000-5,1.0558,0fe42e71254ef0d3c8792647bf204f83,val
C:\Users\user\Desktop\5000 - BETTER\data\Peripheral_Milling\7000\7000-5\20260721155711452.jpg,Peripheral_Milling,7000.0,7000-5,1.0558,fdfd1d757b16c4a7723c75d91642ed7e,val
C:\Users\user\Desktop\5000 - BETTER\data\Peripheral_Milling\7000\7000-5\20260721155713954.jpg,Peripheral_Milling,7000.0,7000-5,1.0558,b28198f1589e8389e1a05b81bebd75e6,train
C:\Users\user\Desktop\5000 - BETTER\data\Peripheral_Milling\7000\7000-6\20260916144929671.jpg,Peripheral_Milling,7000.0,7000-6,1.6996,b3a03099ab111b7a2429935859d2b84e,train
C:\Users\user\Desktop\5000 - BETTER\data\Peripheral_Milling\7000\7000-6\20260916144941967.jpg,Peripheral_Milling,7000.0,7000-6,1.6996,a756865cb638ede482790a2eb78cd25e,train
C:\Users\user\Desktop\5000 - BETTER\data\Peripheral_Milling\7000\7000-6\20260916144946767.jpg,Peripheral_Milling,7000.0,7000-6,1.6996,8e893bbd3e221b2b9134486e305f1656,train
C:\Users\user\Desktop\5000 - BETTER\data\Peripheral_Milling\7000\7000-6\20260916144954096.jpg,Peripheral_Milling,7000.0,7000-6,1.6996,d9b158d148d9c96a8383173a36fbf1cc,train
C:\Users\user\Desktop\5000 - BETTER\data\Peripheral_Milling\7000\7000-6\20260916144959239.jpg,Peripheral_Milling,7000.0,7000-6,1.6996,6f3dfc6891fb8253df5f2805e6f8ca32,train
C:\Users\user\Desktop\5000 - BETTER\data\Peripheral_Milling\7000\7000-6\20260916145004647.jpg,Peripheral_Milling,7000.0,7000-6,1.6996,edbe43e002ab3ce8292a889a1bcefecc,train
C:\Users\user\Desktop\5000 - BETTER\data\Peripheral_Milling\7000\7000-6\20260916145009479.jpg,Peripheral_Milling,7000.0,7000-6,1.6996,8ca8ad2e54c7b28428e859d2dbd77608,val
C:\Users\user\Desktop\5000 - BETTER\data\Peripheral_Milling\7000\7000-7\20260916145946255.jpg,Peripheral_Milling,7000.0,7000-7,1.7408,1e48ad656f8bc57d637ed7cc961baf04,train
C:\Users\user\Desktop\5000 - BETTER\data\Peripheral_Milling\7000\7000-7\20260916145949671.jpg,Peripheral_Milling,7000.0,7000-7,1.7408,772a9d312ee98a98ab2768251f97bf5c,train
C:\Users\user\Desktop\5000 - BETTER\data\Peripheral_Milling\7000\7000-7\20260916150008711.jpg,Peripheral_Milling,7000.0,7000-7,1.7408,ce55bf603fc3b0cb9eb386973ec4e9cc,train
C:\Users\user\Desktop\5000 - BETTER\data\Peripheral_Milling\7000\7000-7\20260916150013759.jpg,Peripheral_Milling,7000.0,7000-7,1.7408,fe3f20e78c2758b95d77d75c25bb7d5b,val
C:\Users\user\Desktop\5000 - BETTER\data\Peripheral_Milling\7000\7000-7\20260916150017559.jpg,Peripheral_Milling,7000.0,7000-7,1.7408,e90e3f0b8e3de8ef60e608a9c88d5a85,train
C:\Users\user\Desktop\5000 - BETTER\data\Peripheral_Milling\7000\7000-7\20260916150023047.jpg,Peripheral_Milling,7000.0,7000-7,1.7408,70548c28bc4e8777f111833de3383aa5,train
C:\Users\user\Desktop\5000 - BETTER\data\Peripheral_Milling\7000\7000-7\20260916150025695.jpg,Peripheral_Milling,7000.0,7000-7,1.7408,d7d783abde7bb9609f9a65d5b94dbfa7,train
C:\Users\user\Desktop\5000 - BETTER\data\Peripheral_Milling\7000\7000-7\20260916150028424.jpg,Peripheral_Milling,7000.0,7000-7,1.7408,343eff507bfba179094d78794a9d9c31,train
C:\Users\user\Desktop\5000 - BETTER\data\Peripheral_Milling\7000\7000-7\20260916150037047.jpg,Peripheral_Milling,7000.0,7000-7,1.7408,8732bc4f5a0634d9d312c79611109d99,train
C:\Users\user\Desktop\5000 - BETTER\data\Peripheral_Milling\7000\7000-7\20260916150040407.jpg,Peripheral_Milling,7000.0,7000-7,1.7408,0a977668416208d83b73c115a0dc1b99,val
C:\Users\user\Desktop\5000 - BETTER\data\Peripheral_Milling\7000\7000-8\20260916153054719.jpg,Peripheral_Milling,7000.0,7000-8,1.443,65b556a2bf9315537d5ffc673568349c,train
C:\Users\user\Desktop\5000 - BETTER\data\Peripheral_Milling\7000\7000-8\20260916153056807.jpg,Peripheral_Milling,7000.0,7000-8,1.443,b3ca99fbab83ebfaec2cab4fb54221b1,train
C:\Users\user\Desktop\5000 - BETTER\data\Peripheral_Milling\7000\7000-8\20260916153100544.jpg,Peripheral_Milling,7000.0,7000-8,1.443,c12f1a4b40f96ada9aeef85dac0e790e,train
C:\Users\user\Desktop\5000 - BETTER\data\Peripheral_Milling\7000\7000-8\20260916153103823.jpg,Peripheral_Milling,7000.0,7000-8,1.443,c86d69ca768782ebfbe5622c3968810b,train
C:\Users\user\Desktop\5000 - BETTER\data\Peripheral_Milling\7000\7000-8\20260916153106009.jpg,Peripheral_Milling,7000.0,7000-8,1.443,175cefb482f574d0c36442e195f6f4eb,train
C:\Users\user\Desktop\5000 - BETTER\data\Peripheral_Milling\7000\7000-8\20260916153109111.jpg,Peripheral_Milling,7000.0,7000-8,1.443,b25862b7243e4ab250e787b34ce944d5,val
C:\Users\user\Desktop\5000 - BETTER\data\Peripheral_Milling\7000\7000-8\20260916153112479.jpg,Peripheral_Milling,7000.0,7000-8,1.443,3d666b684b828d5235efa3a2b37fea8f,train
C:\Users\user\Desktop\5000 - BETTER\data\Peripheral_Milling\7000\7000-8\20260916153114727.jpg,Peripheral_Milling,7000.0,7000-8,1.443,7e876f388c15ca4397c967fe99e7604e,val
C:\Users\user\Desktop\5000 - BETTER\data\Peripheral_Milling\7000\7000-8\20260916153116512.jpg,Peripheral_Milling,7000.0,7000-8,1.443,4ffac1c9cb4ec6d6342e46ba69a02d5e,train
C:\Users\user\Desktop\5000 - BETTER\data\Peripheral_Milling\7000\7000-8\20260916153122151.jpg,Peripheral_Milling,7000.0,7000-8,1.443,061f66127e05746ea3a866e7abcde6f4,train
C:\Users\user\Desktop\5000 - BETTER\data\Peripheral_Milling\7000\7000-8\20260916153125223.jpg,Peripheral_Milling,7000.0,7000-8,1.443,394506592260059ce0a37c2492cad08b,train
C:\Users\user\Desktop\5000 - BETTER\data\Peripheral_Milling\7000\7000-8\20260916153129175.jpg,Peripheral_Milling,7000.0,7000-8,1.443,7dedd347836836b51945695985896160,train
C:\Users\user\Desktop\5000 - BETTER\data\Peripheral_Milling\7000\7000-9\20260916153939143.jpg,Peripheral_Milling,7000.0,7000-9,1.4448,ab3c65842202defb27e3e01881a393e2,train
C:\Users\user\Desktop\5000 - BETTER\data\Peripheral_Milling\7000\7000-9\20260916153949967.jpg,Peripheral_Milling,7000.0,7000-9,1.4448,2fff3ff4c40cbdabb33ef75fdc0ce171,train
C:\Users\user\Desktop\5000 - BETTER\data\Peripheral_Milling\7000\7000-9\20260916153952415.jpg,Peripheral_Milling,7000.0,7000-9,1.4448,a5b694e9e546b3aec4feec95c747a9cf,train
C:\Users\user\Desktop\5000 - BETTER\data\Peripheral_Milling\7000\7000-9\20260916153954840.jpg,Peripheral_Milling,7000.0,7000-9,1.4448,6a56d1e10ea1e88f00dd89144784d8d8,train
C:\Users\user\Desktop\5000 - BETTER\data\Peripheral_Milling\7000\7000-9\20260916153957495.jpg,Peripheral_Milling,7000.0,7000-9,1.4448,8ade860b600a2233e38065c088bccdc9,train
C:\Users\user\Desktop\5000 - BETTER\data\Peripheral_Milling\7000\7000-9\20260916154009560.jpg,Peripheral_Milling,7000.0,7000-9,1.4448,b2cb6f743bb22d5579f4acc7d6d7bf15,train
C:\Users\user\Desktop\5000 - BETTER\data\Peripheral_Milling\7000\7000-9\20260916154015711.jpg,Peripheral_Milling,7000.0,7000-9,1.4448,893a8324b9ed3b34fdd1138cd2d58e38,val
C:\Users\user\Desktop\5000 - BETTER\data\Peripheral_Milling\9000\9000-1\20260716151506312.jpg,Peripheral_Milling,9000.0,9000-1,0.9086,6f622c0a8b855035c62e8a6298bdadb3,train
C:\Users\user\Desktop\5000 - BETTER\data\Peripheral_Milling\9000\9000-1\20260716151526725.jpg,Peripheral_Milling,9000.0,9000-1,0.9086,56abc3aaa08cb935622c57ccdc36c00e,val
C:\Users\user\Desktop\5000 - BETTER\data\Peripheral_Milling\9000\9000-1\20260716151531228.jpg,Peripheral_Milling,9000.0,9000-1,0.9086,35b2d32c2298e4c077a5d62a5a5b5d89,train
C:\Users\user\Desktop\5000 - BETTER\data\Peripheral_Milling\9000\9000-1\20260716151537515.jpg,Peripheral_Milling,9000.0,9000-1,0.9086,30fb5e73fdf596b43ecb8357924f5d71,train
C:\Users\user\Desktop\5000 - BETTER\data\Peripheral_Milling\9000\9000-1\20260716151548517.jpg,Peripheral_Milling,9000.0,9000-1,0.9086,76d8f439cdd977331c38f8eec4d84c55,train
C:\Users\user\Desktop\5000 - BETTER\data\Peripheral_Milling\9000\9000-1\20260716151618002.jpg,Peripheral_Milling,9000.0,9000-1,0.9086,f54a9c5cc29dae206c1976de4017127a,val
C:\Users\user\Desktop\5000 - BETTER\data\Peripheral_Milling\9000\9000-1\20260716151623376.jpg,Peripheral_Milling,9000.0,9000-1,0.9086,8914be9b5ed3b136b4401802cbc90b22,train
C:\Users\user\Desktop\5000 - BETTER\data\Peripheral_Milling\9000\9000-1\20260716151634707.jpg,Peripheral_Milling,9000.0,9000-1,0.9086,46703ec0dd95cc29b17bb90791a4721d,train
C:\Users\user\Desktop\5000 - BETTER\data\Peripheral_Milling\9000\9000-1\20260716151647057.jpg,Peripheral_Milling,9000.0,9000-1,0.9086,f8b33b333a1148f3cf3c51bdb74c2a57,train
C:\Users\user\Desktop\5000 - BETTER\data\Peripheral_Milling\9000\9000-1\20260716151652021.jpg,Peripheral_Milling,9000.0,9000-1,0.9086,aecb306ea18595b56ba61a2ae24834c7,train
C:\Users\user\Desktop\5000 - BETTER\data\Peripheral_Milling\9000\9000-1\20260716151726537.jpg,Peripheral_Milling,9000.0,9000-1,0.9086,7051823478b74022a9a003a1599b43db,train
C:\Users\user\Desktop\5000 - BETTER\data\Peripheral_Milling\9000\9000-1\20260716151730730.jpg,Peripheral_Milling,9000.0,9000-1,0.9086,28416d1eb05178be0395d3ee83d46ef9,train
C:\Users\user\Desktop\5000 - BETTER\data\Peripheral_Milling\9000\9000-1\20260716151736631.jpg,Peripheral_Milling,9000.0,9000-1,0.9086,a8de46ae22bf5955cd6b3ef7b1810940,train
C:\Users\user\Desktop\5000 - BETTER\data\Peripheral_Milling\9000\9000-1\20260716151741644.jpg,Peripheral_Milling,9000.0,9000-1,0.9086,5cd1c0f9d04b724cca96ce019bfd22df,val
C:\Users\user\Desktop\5000 - BETTER\data\Peripheral_Milling\9000\9000-1\20260716151754025.jpg,Peripheral_Milling,9000.0,9000-1,0.9086,b5c61036a2256d0b6469c5245c487335,train
C:\Users\user\Desktop\5000 - BETTER\data\Peripheral_Milling\9000\9000-1\20260716151756581.jpg,Peripheral_Milling,9000.0,9000-1,0.9086,eee248f540af00485226bee56b8ca15e,val
C:\Users\user\Desktop\5000 - BETTER\data\Peripheral_Milling\9000\9000-1\20260716151759386.jpg,Peripheral_Milling,9000.0,9000-1,0.9086,204bdc803a4dd5bf335f10c9e54c6552,train
C:\Users\user\Desktop\5000 - BETTER\data\Peripheral_Milling\9000\9000-1\20260716151803509.jpg,Peripheral_Milling,9000.0,9000-1,0.9086,cc52c3dbf823f3357d02f0f9ec59902f,val
C:\Users\user\Desktop\5000 - BETTER\data\Peripheral_Milling\9000\9000-1\20260716151808848.jpg,Peripheral_Milling,9000.0,9000-1,0.9086,ccf2768fc4f0abb4a21b065eceaf8a85,train
C:\Users\user\Desktop\5000 - BETTER\data\Peripheral_Milling\9000\9000-1\20260716151820406.jpg,Peripheral_Milling,9000.0,9000-1,0.9086,e1a524fae473f949e391389335c2308e,train
C:\Users\user\Desktop\5000 - BETTER\data\Peripheral_Milling\9000\9000-1\20260716151822265.jpg,Peripheral_Milling,9000.0,9000-1,0.9086,2f248ad82f87a2a7e1079a8fe4f50b9e,train
C:\Users\user\Desktop\5000 - BETTER\data\Peripheral_Milling\9000\9000-1\20260716151825135.jpg,Peripheral_Milling,9000.0,9000-1,0.9086,4e49fbf55ae784458ceaafe92662211f,train
C:\Users\user\Desktop\5000 - BETTER\data\Peripheral_Milling\9000\9000-1\20260716151834461.jpg,Peripheral_Milling,9000.0,9000-1,0.9086,12d6387114e696283d1918ea98c7b922,train
C:\Users\user\Desktop\5000 - BETTER\data\Peripheral_Milling\9000\9000-1\20260716151842921.jpg,Peripheral_Milling,9000.0,9000-1,0.9086,cd7c9c0b4f68a94c8a907485b42881af,train
C:\Users\user\Desktop\5000 - BETTER\data\Peripheral_Milling\9000\9000-1\20260716151847294.jpg,Peripheral_Milling,9000.0,9000-1,0.9086,5d583917cd5d7e5d1bba558a23169249,train
C:\Users\user\Desktop\5000 - BETTER\data\Peripheral_Milling\9000\9000-1\20260716151849965.jpg,Peripheral_Milling,9000.0,9000-1,0.9086,014888c33ac417926abbab3015cab9a9,train
C:\Users\user\Desktop\5000 - BETTER\data\Peripheral_Milling\9000\9000-2\20260716162341895.jpg,Peripheral_Milling,9000.0,9000-2,1.2042,9e0705eb4118d86397768c5760563d7e,train
C:\Users\user\Desktop\5000 - BETTER\data\Peripheral_Milling\9000\9000-2\20260716162343441.jpg,Peripheral_Milling,9000.0,9000-2,1.2042,04d3adde8a7e22c2bde66df341de6f4f,val
C:\Users\user\Desktop\5000 - BETTER\data\Peripheral_Milling\9000\9000-2\20260716162346103.jpg,Peripheral_Milling,9000.0,9000-2,1.2042,b228e324b4cb846d1d89f2529bcdeac7,train
C:\Users\user\Desktop\5000 - BETTER\data\Peripheral_Milling\9000\9000-2\20260716162347715.jpg,Peripheral_Milling,9000.0,9000-2,1.2042,2f63edcacda6a56b78faf8187dcf3de2,train
C:\Users\user\Desktop\5000 - BETTER\data\Peripheral_Milling\9000\9000-2\20260716162349638.jpg,Peripheral_Milling,9000.0,9000-2,1.2042,24d3fcc5b8cbe2ee21c39d566349128f,train
C:\Users\user\Desktop\5000 - BETTER\data\Peripheral_Milling\9000\9000-2\20260716162351554.jpg,Peripheral_Milling,9000.0,9000-2,1.2042,c3d7db14efd966324ac41d8eb2dc50e8,train
C:\Users\user\Desktop\5000 - BETTER\data\Peripheral_Milling\9000\9000-2\20260716162356325.jpg,Peripheral_Milling,9000.0,9000-2,1.2042,02c9f233c241f1a03525aefef9254639,train
C:\Users\user\Desktop\5000 - BETTER\data\Peripheral_Milling\9000\9000-2\20260716162401416.jpg,Peripheral_Milling,9000.0,9000-2,1.2042,70daa55d912ffdaa9865195914119a06,train
C:\Users\user\Desktop\5000 - BETTER\data\Peripheral_Milling\9000\9000-2\20260716162407655.jpg,Peripheral_Milling,9000.0,9000-2,1.2042,747763cfa29811b5bf3dbd54627b78b1,val
C:\Users\user\Desktop\5000 - BETTER\data\Peripheral_Milling\9000\9000-2\20260716162410061.jpg,Peripheral_Milling,9000.0,9000-2,1.2042,1fa898a9919ee4a67595cf4e3248c705,train
C:\Users\user\Desktop\5000 - BETTER\data\Peripheral_Milling\9000\9000-2\20260716162426719.jpg,Peripheral_Milling,9000.0,9000-2,1.2042,3e8bebe5ebb1cff7261d3fc1c95749ff,train
C:\Users\user\Desktop\5000 - BETTER\data\Peripheral_Milling\9000\9000-2\20260716162430521.jpg,Peripheral_Milling,9000.0,9000-2,1.2042,91e2ad5da5b0e67d0c63fbfdbbd72f1e,train
C:\Users\user\Desktop\5000 - BETTER\data\Peripheral_Milling\9000\9000-2\20260716162432973.jpg,Peripheral_Milling,9000.0,9000-2,1.2042,2429d494a5bf1d58aa5392be6f5fc1d9,train
C:\Users\user\Desktop\5000 - BETTER\data\Peripheral_Milling\9000\9000-2\20260716162449735.jpg,Peripheral_Milling,9000.0,9000-2,1.2042,04b7426496931caf4e343420a1b0f02f,train
C:\Users\user\Desktop\5000 - BETTER\data\Peripheral_Milling\9000\9000-2\20260716162457801.jpg,Peripheral_Milling,9000.0,9000-2,1.2042,e50b1cefe4efc424ab8e6c8e6b62a6f0,train
C:\Users\user\Desktop\5000 - BETTER\data\Peripheral_Milling\9000\9000-2\20260716162505145.jpg,Peripheral_Milling,9000.0,9000-2,1.2042,21a5fd779c774ee93e1969bedde1a22d,train
C:\Users\user\Desktop\5000 - BETTER\data\Peripheral_Milling\9000\9000-2\20260716162506814.jpg,Peripheral_Milling,9000.0,9000-2,1.2042,45ddd91fccd20f6de7db0155431855c6,train
C:\Users\user\Desktop\5000 - BETTER\data\Peripheral_Milling\9000\9000-2\20260716162508937.jpg,Peripheral_Milling,9000.0,9000-2,1.2042,c59b541fd7b558ce5747f0aa276f7ae1,train
C:\Users\user\Desktop\5000 - BETTER\data\Peripheral_Milling\9000\9000-2\20260716162511037.jpg,Peripheral_Milling,9000.0,9000-2,1.2042,e83635135bb623704e6c558410b7bf87,val
C:\Users\user\Desktop\5000 - BETTER\data\Peripheral_Milling\9000\9000-2\20260716162513779.jpg,Peripheral_Milling,9000.0,9000-2,1.2042,0f1084948fe6fee13ea4603ca8bd25e9,train
C:\Users\user\Desktop\5000 - BETTER\data\Peripheral_Milling\9000\9000-2\20260716162516771.jpg,Peripheral_Milling,9000.0,9000-2,1.2042,c285da97338181a9ee6b470496f0a931,train
C:\Users\user\Desktop\5000 - BETTER\data\Peripheral_Milling\9000\9000-2\20260716162524949.jpg,Peripheral_Milling,9000.0,9000-2,1.2042,b121ac26c0df2847e3b8944bff4543b3,train
C:\Users\user\Desktop\5000 - BETTER\data\Peripheral_Milling\9000\9000-2\20260716162531110.jpg,Peripheral_Milling,9000.0,9000-2,1.2042,31ddfc6a0f4d9bb04065916a8ac8da9f,val
C:\Users\user\Desktop\5000 - BETTER\data\Peripheral_Milling\9000\9000-2\20260716162541437.jpg,Peripheral_Milling,9000.0,9000-2,1.2042,2210fd786a5f981d8755f055cca48ea4,val
C:\Users\user\Desktop\5000 - BETTER\data\Peripheral_Milling\9000\9000-2\20260716162546063.jpg,Peripheral_Milling,9000.0,9000-2,1.2042,bce09448294cbf30d3e1faf96586777c,train
C:\Users\user\Desktop\5000 - BETTER\data\Peripheral_Milling\9000\9000-2\20260716162623054.jpg,Peripheral_Milling,9000.0,9000-2,1.2042,8704fb61b0332a780bb20493cec72f4b,train
C:\Users\user\Desktop\5000 - BETTER\data\Peripheral_Milling\9000\9000-2\20260716162628664.jpg,Peripheral_Milling,9000.0,9000-2,1.2042,79096e7e138401b57eb9e779548a1696,train
C:\Users\user\Desktop\5000 - BETTER\data\Peripheral_Milling\9000\9000-3\20260716171255007.jpg,Peripheral_Milling,9000.0,9000-3,0.7202,fd4185f4c0c0a1313eca51bab1af1f83,train
C:\Users\user\Desktop\5000 - BETTER\data\Peripheral_Milling\9000\9000-3\20260716171258846.jpg,Peripheral_Milling,9000.0,9000-3,0.7202,8d956cee3f1ec737101d13357684d5b4,train
C:\Users\user\Desktop\5000 - BETTER\data\Peripheral_Milling\9000\9000-3\20260716171303000.jpg,Peripheral_Milling,9000.0,9000-3,0.7202,650a1fbb578e8935c295faba460d6034,train
C:\Users\user\Desktop\5000 - BETTER\data\Peripheral_Milling\9000\9000-3\20260716171315347.jpg,Peripheral_Milling,9000.0,9000-3,0.7202,a61ee83d10ce194b6c4aad0e9ced3bd8,val
C:\Users\user\Desktop\5000 - BETTER\data\Peripheral_Milling\9000\9000-3\20260716171318176.jpg,Peripheral_Milling,9000.0,9000-3,0.7202,a57392fc748a4931cb626690e7c2a6b9,val
C:\Users\user\Desktop\5000 - BETTER\data\Peripheral_Milling\9000\9000-3\20260716171320519.jpg,Peripheral_Milling,9000.0,9000-3,0.7202,97699912cae8b78eb493cb26311d2493,train
C:\Users\user\Desktop\5000 - BETTER\data\Peripheral_Milling\9000\9000-3\20260716171323093.jpg,Peripheral_Milling,9000.0,9000-3,0.7202,269ee4ada96e0bf7a76a69f69ce706a8,train
C:\Users\user\Desktop\5000 - BETTER\data\Peripheral_Milling\9000\9000-3\20260716171329194.jpg,Peripheral_Milling,9000.0,9000-3,0.7202,13d6d852faaa5d9d091fd4d9a5df33cf,train
C:\Users\user\Desktop\5000 - BETTER\data\Peripheral_Milling\9000\9000-3\20260716171332105.jpg,Peripheral_Milling,9000.0,9000-3,0.7202,54ba923c64c3b4db10f3df357afa38dc,train
C:\Users\user\Desktop\5000 - BETTER\data\Peripheral_Milling\9000\9000-3\20260716171334695.jpg,Peripheral_Milling,9000.0,9000-3,0.7202,a17e30e0c000bfdcc0ede612fcd334d8,train
C:\Users\user\Desktop\5000 - BETTER\data\Peripheral_Milling\9000\9000-3\20260716171341862.jpg,Peripheral_Milling,9000.0,9000-3,0.7202,6ab868d3d1d6898be298fb025269f14b,val
C:\Users\user\Desktop\5000 - BETTER\data\Peripheral_Milling\9000\9000-3\20260716171348246.jpg,Peripheral_Milling,9000.0,9000-3,0.7202,c20f3da37a79e2cf755e14bbf1e7478d,train
C:\Users\user\Desktop\5000 - BETTER\data\Peripheral_Milling\9000\9000-3\20260716171357612.jpg,Peripheral_Milling,9000.0,9000-3,0.7202,ed7a1b61a8d7d9ae8c7646f30d9a3d07,train
C:\Users\user\Desktop\5000 - BETTER\data\Peripheral_Milling\9000\9000-3\20260716171400881.jpg,Peripheral_Milling,9000.0,9000-3,0.7202,520bcf7c5de2b5ad1eea59939bd14a5c,train
C:\Users\user\Desktop\5000 - BETTER\data\Peripheral_Milling\9000\9000-3\20260716171416416.jpg,Peripheral_Milling,9000.0,9000-3,0.7202,ad61b8bf30d005efba00d2aa774c3c9e,train
C:\Users\user\Desktop\5000 - BETTER\data\Peripheral_Milling\9000\9000-3\20260716171424849.jpg,Peripheral_Milling,9000.0,9000-3,0.7202,04b982037439eeef8a2fe565b4e18a4b,train
C:\Users\user\Desktop\5000 - BETTER\data\Peripheral_Milling\9000\9000-3\20260716171427910.jpg,Peripheral_Milling,9000.0,9000-3,0.7202,f0f5d6cbcd0beaa2f0552f226f651a24,train
C:\Users\user\Desktop\5000 - BETTER\data\Peripheral_Milling\9000\9000-4\20260717143718844.jpg,Peripheral_Milling,9000.0,9000-4,1.392,2aae63cdc04e309997964c3628699754,train
C:\Users\user\Desktop\5000 - BETTER\data\Peripheral_Milling\9000\9000-4\20260717143722476.jpg,Peripheral_Milling,9000.0,9000-4,1.392,3ff4ba1580fe6ea340d707a2ed5fac31,train
C:\Users\user\Desktop\5000 - BETTER\data\Peripheral_Milling\9000\9000-4\20260717143725051.jpg,Peripheral_Milling,9000.0,9000-4,1.392,a541d8535f4042548f9364ab497d3498,val
C:\Users\user\Desktop\5000 - BETTER\data\Peripheral_Milling\9000\9000-4\20260717143727568.jpg,Peripheral_Milling,9000.0,9000-4,1.392,11c722c6265af03c3919b28b944986ce,train
C:\Users\user\Desktop\5000 - BETTER\data\Peripheral_Milling\9000\9000-4\20260717143730004.jpg,Peripheral_Milling,9000.0,9000-4,1.392,4a7a1116abee6fe9ae4bb28695f83a23,train
C:\Users\user\Desktop\5000 - BETTER\data\Peripheral_Milling\9000\9000-4\20260717143732257.jpg,Peripheral_Milling,9000.0,9000-4,1.392,280a3174bf1588df78e3f995d5541ae3,train
C:\Users\user\Desktop\5000 - BETTER\data\Peripheral_Milling\9000\9000-4\20260717143734694.jpg,Peripheral_Milling,9000.0,9000-4,1.392,55d18e1a73a84e5d0037a57f9c04ee93,train
C:\Users\user\Desktop\5000 - BETTER\data\Peripheral_Milling\9000\9000-4\20260717143737062.jpg,Peripheral_Milling,9000.0,9000-4,1.392,c3db1b84a291d76bc3501291c5d03d2f,train
C:\Users\user\Desktop\5000 - BETTER\data\Peripheral_Milling\9000\9000-4\20260717143739618.jpg,Peripheral_Milling,9000.0,9000-4,1.392,c3544e5afa687eb54b05fb3ec822cbbe,train
C:\Users\user\Desktop\5000 - BETTER\data\Peripheral_Milling\9000\9000-4\20260717143801930.jpg,Peripheral_Milling,9000.0,9000-4,1.392,947a4efe386c283953c7bd38f0059433,train
C:\Users\user\Desktop\5000 - BETTER\data\Peripheral_Milling\9000\9000-4\20260717143813111.jpg,Peripheral_Milling,9000.0,9000-4,1.392,deed98f5c52145054cc705b4054bee0e,val
C:\Users\user\Desktop\5000 - BETTER\data\Peripheral_Milling\9000\9000-4\20260717143851596.jpg,Peripheral_Milling,9000.0,9000-4,1.392,477cd056393729e1f7d77455c564aa34,train
C:\Users\user\Desktop\5000 - BETTER\data\Peripheral_Milling\9000\9000-5\20260717151624362.jpg,Peripheral_Milling,9000.0,9000-5,1.473,e20495fb2a81d1479fbf35f21f976202,train
C:\Users\user\Desktop\5000 - BETTER\data\Peripheral_Milling\9000\9000-5\20260717151627377.jpg,Peripheral_Milling,9000.0,9000-5,1.473,ccd77312a3168acf0830fff4713323ab,train
C:\Users\user\Desktop\5000 - BETTER\data\Peripheral_Milling\9000\9000-5\20260717151630649.jpg,Peripheral_Milling,9000.0,9000-5,1.473,3913de53d20e9e2d039149f7efbe2065,train
C:\Users\user\Desktop\5000 - BETTER\data\Peripheral_Milling\9000\9000-5\20260717151633655.jpg,Peripheral_Milling,9000.0,9000-5,1.473,50a04a2c9346d3c2a9a426ab21a4901a,train
C:\Users\user\Desktop\5000 - BETTER\data\Peripheral_Milling\9000\9000-5\20260717151640610.jpg,Peripheral_Milling,9000.0,9000-5,1.473,a3d7140444ff6019c53567eca47015fc,train
C:\Users\user\Desktop\5000 - BETTER\data\Peripheral_Milling\9000\9000-5\20260717151643598.jpg,Peripheral_Milling,9000.0,9000-5,1.473,122ef23cdbf37968e4dcd6c85e352194,train
C:\Users\user\Desktop\5000 - BETTER\data\Peripheral_Milling\9000\9000-5\20260717151659992.jpg,Peripheral_Milling,9000.0,9000-5,1.473,39fe55bad9e6713ae6fe9b1dfbb90940,val
C:\Users\user\Desktop\5000 - BETTER\data\Peripheral_Milling\9000\9000-5\20260717151708379.jpg,Peripheral_Milling,9000.0,9000-5,1.473,2afe93bbab80956fe4c6bca3f7cd0d31,train
C:\Users\user\Desktop\5000 - BETTER\data\Peripheral_Milling\9000\9000-5\20260717151710398.jpg,Peripheral_Milling,9000.0,9000-5,1.473,8ec834e3b84d89cc13f9d7d782728116,train
C:\Users\user\Desktop\5000 - BETTER\data\Peripheral_Milling\9000\9000-5\20260717151717464.jpg,Peripheral_Milling,9000.0,9000-5,1.473,057a35c7d4e0f1b85447e8ed73d79513,val
C:\Users\user\Desktop\5000 - BETTER\data\Peripheral_Milling\9000\9000-5\20260717151720686.jpg,Peripheral_Milling,9000.0,9000-5,1.473,f8911da00f1c6f1b1186c4bce831a8fc,train
C:\Users\user\Desktop\5000 - BETTER\data\Peripheral_Milling\9000\9000-5\20260717151740498.jpg,Peripheral_Milling,9000.0,9000-5,1.473,93803de000994d50daa8a6be996f136a,train
C:\Users\user\Desktop\5000 - BETTER\data\Peripheral_Milling\9000\9000-5\20260717151743970.jpg,Peripheral_Milling,9000.0,9000-5,1.473,c9a13a3767e90006935cb475cf888417,train
C:\Users\user\Desktop\5000 - BETTER\data\Peripheral_Milling\9000\9000-5\20260717151746401.jpg,Peripheral_Milling,9000.0,9000-5,1.473,9f44a41d57af4d5413905046f0eb5c3c,train
C:\Users\user\Desktop\5000 - BETTER\data\Peripheral_Milling\9000\9000-5\20260717151749111.jpg,Peripheral_Milling,9000.0,9000-5,1.473,fd59bce4038a7af54b6f8dbe4a4fbfea,train
C:\Users\user\Desktop\5000 - BETTER\data\Peripheral_Milling\9000\9000-5\20260717151750610.jpg,Peripheral_Milling,9000.0,9000-5,1.473,bacc9c5e894200ac6a6e40cb8d866370,train
C:\Users\user\Desktop\5000 - BETTER\data\Peripheral_Milling\9000\9000-5\20260717151810755.jpg,Peripheral_Milling,9000.0,9000-5,1.473,771554450c1a0a2b5082c301cb5552e6,val
C:\Users\user\Desktop\5000 - BETTER\data\Peripheral_Milling\9000\9000-5\20260717151814932.jpg,Peripheral_Milling,9000.0,9000-5,1.473,223304f038f2413993f1566a3a034f6f,val
C:\Users\user\Desktop\5000 - BETTER\data\Peripheral_Milling\9000\9000-6\20260717154345171.jpg,Peripheral_Milling,9000.0,9000-6,1.29,d22bdcdbf8232b0bcc85d7327c1946d8,train
C:\Users\user\Desktop\5000 - BETTER\data\Peripheral_Milling\9000\9000-6\20260717154351850.jpg,Peripheral_Milling,9000.0,9000-6,1.29,bd9d9a721e826e1262e7c79f8d70d899,val
C:\Users\user\Desktop\5000 - BETTER\data\Peripheral_Milling\9000\9000-6\20260717154357014.jpg,Peripheral_Milling,9000.0,9000-6,1.29,71d28e142229cb582f3ef4910f9859a0,train
C:\Users\user\Desktop\5000 - BETTER\data\Peripheral_Milling\9000\9000-6\20260717154401023.jpg,Peripheral_Milling,9000.0,9000-6,1.29,0bf9b36fd96d05bbb45e6e8755782c23,train
C:\Users\user\Desktop\5000 - BETTER\data\Peripheral_Milling\9000\9000-6\20260717154404530.jpg,Peripheral_Milling,9000.0,9000-6,1.29,4f93e0144bb44b66a265073b1622f6f4,train
C:\Users\user\Desktop\5000 - BETTER\data\Peripheral_Milling\9000\9000-6\20260717154415784.jpg,Peripheral_Milling,9000.0,9000-6,1.29,5d844e3f2e108d577d77ee3acb641746,train
C:\Users\user\Desktop\5000 - BETTER\data\Peripheral_Milling\9000\9000-6\20260717154419769.jpg,Peripheral_Milling,9000.0,9000-6,1.29,7e20f85542b3a18dc1daa41250cb20d0,val
C:\Users\user\Desktop\5000 - BETTER\data\Peripheral_Milling\9000\9000-6\20260717154425398.jpg,Peripheral_Milling,9000.0,9000-6,1.29,b18c368aedabc6e4e4e17f7a48813b03,train
C:\Users\user\Desktop\5000 - BETTER\data\Peripheral_Milling\9000\9000-6\20260717154430994.jpg,Peripheral_Milling,9000.0,9000-6,1.29,087f5e43156f610d523fae727199f2f8,train
C:\Users\user\Desktop\5000 - BETTER\data\Peripheral_Milling\9000\9000-6\20260717154435285.jpg,Peripheral_Milling,9000.0,9000-6,1.29,821008d288bcf7ce425a5f5aec7facd0,train
C:\Users\user\Desktop\5000 - BETTER\data\Peripheral_Milling\9000\9000-6\20260717154439374.jpg,Peripheral_Milling,9000.0,9000-6,1.29,24df5fa832bc8def3687d2827a7fbb1d,train
C:\Users\user\Desktop\5000 - BETTER\data\Peripheral_Milling\9000\9000-6\20260717154443801.jpg,Peripheral_Milling,9000.0,9000-6,1.29,7d16fca7775c52f95ea6971029717f47,train
C:\Users\user\Desktop\5000 - BETTER\data\Peripheral_Milling\9000\9000-6\20260717154448700.jpg,Peripheral_Milling,9000.0,9000-6,1.29,4c3be3800ba1b780079f6b7017942fe6,train
C:\Users\user\Desktop\5000 - BETTER\data\Peripheral_Milling\9000\9000-6\20260717154506338.jpg,Peripheral_Milling,9000.0,9000-6,1.29,31773438c6137e816d381d4970d0fdf0,val
C:\Users\user\Desktop\5000 - BETTER\data\Peripheral_Milling\9000\9000-6\20260717154509835.jpg,Peripheral_Milling,9000.0,9000-6,1.29,107c3ee362fbbd355f911c7304d9955e,train
C:\Users\user\Desktop\5000 - BETTER\data\Peripheral_Milling\9000\9000-7\20260717160440049.jpg,Peripheral_Milling,9000.0,9000-7,1.021,f17a5263033e0626a58de8537150ba04,val
C:\Users\user\Desktop\5000 - BETTER\data\Peripheral_Milling\9000\9000-7\20260717160453542.jpg,Peripheral_Milling,9000.0,9000-7,1.021,7eda5e60c1b3ca8cac43fdf9b725de2f,train
C:\Users\user\Desktop\5000 - BETTER\data\Peripheral_Milling\9000\9000-7\20260717160456692.jpg,Peripheral_Milling,9000.0,9000-7,1.021,08c7653cb9d186ee1d69e54e55b324c6,train
C:\Users\user\Desktop\5000 - BETTER\data\Peripheral_Milling\9000\9000-7\20260717160500138.jpg,Peripheral_Milling,9000.0,9000-7,1.021,a85f5e2d585a366262e68e190fd9c841,train
C:\Users\user\Desktop\5000 - BETTER\data\Peripheral_Milling\9000\9000-7\20260717160504427.jpg,Peripheral_Milling,9000.0,9000-7,1.021,f07b96cfb932396d4e5c9068cfb0ee12,train
C:\Users\user\Desktop\5000 - BETTER\data\Peripheral_Milling\9000\9000-7\20260717160507648.jpg,Peripheral_Milling,9000.0,9000-7,1.021,44d3c70085a929714dedf0183739127d,train
C:\Users\user\Desktop\5000 - BETTER\data\Peripheral_Milling\9000\9000-7\20260717160510886.jpg,Peripheral_Milling,9000.0,9000-7,1.021,8c1d36c0449392263553aa8e77109e70,train
C:\Users\user\Desktop\5000 - BETTER\data\Peripheral_Milling\9000\9000-7\20260717160514226.jpg,Peripheral_Milling,9000.0,9000-7,1.021,57b0b150d0e0e75cd30e5333402388eb,train
C:\Users\user\Desktop\5000 - BETTER\data\Peripheral_Milling\9000\9000-7\20260717160517928.jpg,Peripheral_Milling,9000.0,9000-7,1.021,a03a2778ccdb48fc4582b690da38a536,train
C:\Users\user\Desktop\5000 - BETTER\data\Peripheral_Milling\9000\9000-7\20260717160522378.jpg,Peripheral_Milling,9000.0,9000-7,1.021,ce76a543fbe6e5048bb8f3e009393a24,train
C:\Users\user\Desktop\5000 - BETTER\data\Peripheral_Milling\9000\9000-7\20260717160526642.jpg,Peripheral_Milling,9000.0,9000-7,1.021,4b9ddc9ee0cad0baa6c682d8954d187f,train
C:\Users\user\Desktop\5000 - BETTER\data\Peripheral_Milling\9000\9000-7\20260717160532750.jpg,Peripheral_Milling,9000.0,9000-7,1.021,fb1e0f50863a659a16514542ee1e2f80,val
C:\Users\user\Desktop\5000 - BETTER\data\Peripheral_Milling\9000\9000-7\20260717160543003.jpg,Peripheral_Milling,9000.0,9000-7,1.021,045b589c807da53f47a75fbfa8e70267,train
C:\Users\user\Desktop\5000 - BETTER\data\Peripheral_Milling\9000\9000-7\20260717160546264.jpg,Peripheral_Milling,9000.0,9000-7,1.021,03beec190f9573e0a75ee739ee34c8d1,val
C:\Users\user\Desktop\5000 - BETTER\data\Peripheral_Milling\9000\9000-7\20260717160550030.jpg,Peripheral_Milling,9000.0,9000-7,1.021,6f90f7f578f3936e35e76c5ead8a7220,train
C:\Users\user\Desktop\5000 - BETTER\data\Peripheral_Milling\9000\9000-7\20260717160553708.jpg,Peripheral_Milling,9000.0,9000-7,1.021,4a9f667db195fbed49cca321ba5820d2,train
C:\Users\user\Desktop\5000 - BETTER\data\Peripheral_Milling\9000\9000-7\20260717160557516.jpg,Peripheral_Milling,9000.0,9000-7,1.021,0aae7d32880d86b144033774ad11b43a,train
C:\Users\user\Desktop\5000 - BETTER\data\Peripheral_Milling\9000\9000-7\20260717160600456.jpg,Peripheral_Milling,9000.0,9000-7,1.021,56b9fae902c637bb98126f0483bfc918,train
C:\Users\user\Desktop\5000 - BETTER\data\Peripheral_Milling\9000\9000-7\20260717160605476.jpg,Peripheral_Milling,9000.0,9000-7,1.021,9170d8ccb0549a3e9160791f62ab9092,val
C:\Users\user\Desktop\5000 - BETTER\data\Peripheral_Milling\9000\9000-8\20260720145115856.jpg,Peripheral_Milling,9000.0,9000-8,1.2878,b4a62b07c998b8a38d4b21c5189542e0,train
C:\Users\user\Desktop\5000 - BETTER\data\Peripheral_Milling\9000\9000-8\20260720145119086.jpg,Peripheral_Milling,9000.0,9000-8,1.2878,b49e0a332f89308afe69289355d96d23,train
C:\Users\user\Desktop\5000 - BETTER\data\Peripheral_Milling\9000\9000-8\20260720145120576.jpg,Peripheral_Milling,9000.0,9000-8,1.2878,e62772dd85c145e29299c78856e40881,train
C:\Users\user\Desktop\5000 - BETTER\data\Peripheral_Milling\9000\9000-8\20260720145123696.jpg,Peripheral_Milling,9000.0,9000-8,1.2878,bffcf2f8b7811733a5adab0047ec9894,train
C:\Users\user\Desktop\5000 - BETTER\data\Peripheral_Milling\9000\9000-8\20260720145125354.jpg,Peripheral_Milling,9000.0,9000-8,1.2878,f90a91b5c1125b9e7d6eb5eda79eefd3,train
C:\Users\user\Desktop\5000 - BETTER\data\Peripheral_Milling\9000\9000-8\20260720145127857.jpg,Peripheral_Milling,9000.0,9000-8,1.2878,e4444479337dc0dac74e1edb9c141bb8,val
C:\Users\user\Desktop\5000 - BETTER\data\Peripheral_Milling\9000\9000-8\20260720145129210.jpg,Peripheral_Milling,9000.0,9000-8,1.2878,cf04b78225652e09838706ebac0157a7,train
C:\Users\user\Desktop\5000 - BETTER\data\Peripheral_Milling\9000\9000-8\20260720145130583.jpg,Peripheral_Milling,9000.0,9000-8,1.2878,0307ee38d1ef6b7164ce90ac77f88bbb,val
C:\Users\user\Desktop\5000 - BETTER\data\Peripheral_Milling\9000\9000-8\20260720145132818.jpg,Peripheral_Milling,9000.0,9000-8,1.2878,baf42dc864cb796a23e960c25224eba9,val
C:\Users\user\Desktop\5000 - BETTER\data\Peripheral_Milling\9000\9000-8\20260720145134188.jpg,Peripheral_Milling,9000.0,9000-8,1.2878,45eb448c677320a0f2f04f256b488084,train
C:\Users\user\Desktop\5000 - BETTER\data\Peripheral_Milling\9000\9000-8\20260720145221413.jpg,Peripheral_Milling,9000.0,9000-8,1.2878,327b01ce02108dffccd84f44c6b2cd4c,train
C:\Users\user\Desktop\5000 - BETTER\data\Peripheral_Milling\9000\9000-8\20260720145224346.jpg,Peripheral_Milling,9000.0,9000-8,1.2878,93ab120ba3c9cccb96ea6d2c3fffcfa2,train
C:\Users\user\Desktop\5000 - BETTER\data\Peripheral_Milling\9000\9000-8\20260720145228404.jpg,Peripheral_Milling,9000.0,9000-8,1.2878,8471959148aab0c5a2c3fcfbe2b17961,train
C:\Users\user\Desktop\5000 - BETTER\data\Peripheral_Milling\9000\9000-8\20260720145233686.jpg,Peripheral_Milling,9000.0,9000-8,1.2878,95f60f748405ac8fad9649bb74813d8b,train
C:\Users\user\Desktop\5000 - BETTER\data\Peripheral_Milling\9000\9000-8\20260720145236900.jpg,Peripheral_Milling,9000.0,9000-8,1.2878,ad4fcabf038ee7cd6ac62ad12d0eb74c,train
C:\Users\user\Desktop\5000 - BETTER\data\Peripheral_Milling\9000\9000-8\20260720145240838.jpg,Peripheral_Milling,9000.0,9000-8,1.2878,e426338a8d8d2cba7679f7d7de6f3556,val
C:\Users\user\Desktop\5000 - BETTER\data\Peripheral_Milling\9000\9000-8\20260720145247558.jpg,Peripheral_Milling,9000.0,9000-8,1.2878,eb2373b7c374de72a10453cce3e91e6a,train
C:\Users\user\Desktop\5000 - BETTER\data\Peripheral_Milling\9000\9000-8\20260720145303258.jpg,Peripheral_Milling,9000.0,9000-8,1.2878,cb91469af2e878b4f6da790c123a76f2,train
C:\Users\user\Desktop\5000 - BETTER\data\Peripheral_Milling\9000\9000-8\20260720145305438.jpg,Peripheral_Milling,9000.0,9000-8,1.2878,55ed6c57fdee5df487e3f5eec4ef5215,train
C:\Users\user\Desktop\5000 - BETTER\data\Peripheral_Milling\9000\9000-8\20260720145307892.jpg,Peripheral_Milling,9000.0,9000-8,1.2878,3aa73bdd93b29f85c11a1d29b71c01a4,train
C:\Users\user\Desktop\5000 - BETTER\data\Peripheral_Milling\9000\9000-8\20260720145315420.jpg,Peripheral_Milling,9000.0,9000-8,1.2878,41f4a96dd0a67863932d43a1ca7b1b5b,train
C:\Users\user\Desktop\5000 - BETTER\data\Peripheral_Milling\9000\9000-8\20260720145319212.jpg,Peripheral_Milling,9000.0,9000-8,1.2878,d06158b0b23678048c343a0af15ab525,train
C:\Users\user\Desktop\5000 - BETTER\data\Peripheral_Milling\9000\9000-8\20260720145323029.jpg,Peripheral_Milling,9000.0,9000-8,1.2878,189799fab27c7526bfb5fed67bc0f41c,train
C:\Users\user\Desktop\5000 - BETTER\data\Peripheral_Milling\9000\9000-8\20260720145327496.jpg,Peripheral_Milling,9000.0,9000-8,1.2878,4bb9091db4951b368918d39823c7e75d,train
C:\Users\user\Desktop\5000 - BETTER\data\Peripheral_Milling\9000\9000-8\20260720145329756.jpg,Peripheral_Milling,9000.0,9000-8,1.2878,6521cfc46694fbdc2f674737237b043e,train
C:\Users\user\Desktop\5000 - BETTER\data\Peripheral_Milling\9000\9000-8\20260720145340550.jpg,Peripheral_Milling,9000.0,9000-8,1.2878,2eb718ce60d5cf0796b6fb8fd14a39e8,val
C:\Users\user\Desktop\5000 - BETTER\data\Peripheral_Milling\9000\9000-9\20260720162413086.jpg,Peripheral_Milling,9000.0,9000-9,1.1274,f899e5bd774c8a09e0f97d7d136d48f2,val
C:\Users\user\Desktop\5000 - BETTER\data\Peripheral_Milling\9000\9000-9\20260720162420207.jpg,Peripheral_Milling,9000.0,9000-9,1.1274,a3a37935e8d52111b326e0160487535c,train
C:\Users\user\Desktop\5000 - BETTER\data\Peripheral_Milling\9000\9000-9\20260720162427270.jpg,Peripheral_Milling,9000.0,9000-9,1.1274,9a1a3ca68ee783e7b8ce926572a17861,train
C:\Users\user\Desktop\5000 - BETTER\data\Peripheral_Milling\9000\9000-9\20260720162434030.jpg,Peripheral_Milling,9000.0,9000-9,1.1274,1296681d12d50160aa4de63fb07e6f20,val
C:\Users\user\Desktop\5000 - BETTER\data\Peripheral_Milling\9000\9000-9\20260720162438349.jpg,Peripheral_Milling,9000.0,9000-9,1.1274,bd6c5d0feba489056f1aee46e34a7b47,train
C:\Users\user\Desktop\5000 - BETTER\data\Peripheral_Milling\9000\9000-9\20260720162503471.jpg,Peripheral_Milling,9000.0,9000-9,1.1274,e4abe19e0310f6fa1b2f228e7e5feea4,train
C:\Users\user\Desktop\5000 - BETTER\data\Peripheral_Milling\9000\9000-9\20260720162507385.jpg,Peripheral_Milling,9000.0,9000-9,1.1274,468226e582b37b3e6e0049445fa05b41,train
C:\Users\user\Desktop\5000 - BETTER\data\Peripheral_Milling\9000\9000-9\20260720162510592.jpg,Peripheral_Milling,9000.0,9000-9,1.1274,6561028e456668a78de6e566e270af5e,train
C:\Users\user\Desktop\5000 - BETTER\data\Peripheral_Milling\9000\9000-9\20260720162531465.jpg,Peripheral_Milling,9000.0,9000-9,1.1274,bc9173711a0bee04ef2d003f4b3e6f6c,train
C:\Users\user\Desktop\5000 - BETTER\data\Peripheral_Milling\9000\9000-9\20260720162539508.jpg,Peripheral_Milling,9000.0,9000-9,1.1274,fb4cf4cbd8c91ccad14e78d54a005fad,train
